class_id,class_name,Metropole,Guadeloupe,Martinique,Guyane,Reunion,Mayotte,TOTAL
0,Background,1670320,4259,2422,1336,2013,3494,1683844
1,Meadow,4030068,5488,1573,466,1700,2,4039297
2,Soft winter wheat,959826,0,0,0,0,0,959826
3,Corn,819572,0,0,3,50,0,819625
4,Winter barley,290814,0,0,0,0,0,290814
5,Winter rapeseed,180765,0,0,0,0,0,180765
6,Spring barley,115927,0,0,0,0,0,115927
7,Sunflower,131578,0,0,0,0,0,131578
8,Grapevine,480773,0,0,0,8,0,480781
9,Beet,68515,0,0,0,1,0,68516
10,Winter triticale,108541,0,0,0,0,0,108541
11,Winter durum wheat,45812,0,0,0,0,0,45812
12,Fruits/vegetables/flowers,112842,1408,1407,286,3255,14,119212
13,Potatoes,49624,1,0,0,119,0,49744
14,Leguminous fodder,288668,0,0,2,0,0,288670
15,Soybeans,39062,0,1,0,0,0,39063
16,Orchard,142735,573,583,775,1231,26,145923
17,Mixed cereal,40810,0,0,0,0,0,40810
18,Sorghum,28211,0,0,0,0,0,28211
19,Sugarcane,0,10287,1532,74,8397,5,20295
20,Banana,0,1863,3592,136,533,159,6283
21,Pineapple,0,204,56,114,491,27,892
22,Vanilla,0,62,5,6,276,131,480
23,Tropical tuber,0,468,314,91,132,47,1052
24,Ylang-ylang,0,0,0,0,1,119,120
,TOTAL,9604463,24613,11485,3289,18207,4024,9666081
