task_id,grid_id
be95b4fd-4048-4bf7-8a54-4244ad19df27,Z_9
f3df1655-aabb-4f3c-b579-1ea76c2527ed,Z_10
7338b878-b395-46d9-8fdd-1e61ce7c4a4d,Z_9
ffbe0072-4f51-49fe-9b7a-709718ee8032,Z_10
47e15054-98f2-41c7-93ae-23d1b2197dcf,Z_10
80f4b9e2-ec6b-4916-bafa-6b0f6e98cac0,Z_9
f4c3f0b1-9adc-4516-865d-da3583d025fc,Z_9
b291a3e0-2243-4161-9dc4-2e543d142cb6,Z_9
85e71844-884d-4000-879b-927159eb4e5e,Z_9
0c1fe1a5-88f3-448c-915c-ee7d0a8a6bcf,Z_9
9117b44e-6288-4175-af96-456bf5af9443,Z_9
75d97f33-5181-44c6-9166-c84439aa56bf,Z_9
bb7efaa6-d88c-420a-9239-dcd3c769ff5d,Z_9
5a432d8b-ee72-42d5-a78d-93beddcfe10e,Z_9
4efb9499-5e4e-4453-8dbd-4196fa531fca,X_7
97979797-6a65-475f-93df-a5e809daee7f,U_7
536777af-19c9-458d-874e-97854c1ad794,U_7
f434b7a0-bf6b-4a7c-ad67-3e168663602a,S_8
e2c230af-c4f8-4616-833b-b4ed13279bee,T_7
833cfe0e-3bee-4342-a1e4-bb252ad8f239,U_7
9335e752-f147-4f86-b51d-757da41a3c41,T_7
3d132c80-9c62-4efd-9137-f9058d7ba76f,Z_10
569ac879-36bc-40e9-87f2-8dfe33a8a79c,S_8
598f45f4-dc63-4d2f-8ece-01e43c27d9ce,U_8
2383f501-72d2-462a-82a1-2cde61c4d4f4,S_8
09d06824-6e1c-4acd-aeb3-e962f2fb55d8,S_8
f111af91-301d-4476-8c82-33c5424789d4,S_8
94c6ee38-6125-4023-9f08-306686df627e,S_8
236c1a15-6950-4733-b42c-ce6dcb6731f4,S_8
eff07cb2-4ddd-4562-a87e-619880e43724,S_8
21efc606-5195-49d7-8909-8786a6b14663,S_8
827bf5a1-2382-4ec8-89ef-12e8549cb660,S_8
d3f3eca6-34b4-4109-9500-e4a3270b2e19,S_8
83b87572-872a-4048-8ea1-4d347caae3aa,S_8
4fd01aa7-9593-4e7b-98f1-fe398316c207,S_8
069eeb66-cabd-4120-ab3f-2018a48c3154,S_8
dea76bbb-11a9-43c6-b6b9-204eb36f1ad7,S_8
99fa0ac2-b43c-4328-8439-d515f164bb9a,S_8
e5a2a2aa-0d9b-4a1a-9110-e6f3d73613f8,S_8
e890c334-e43f-4bc7-bff4-aab85363edb7,S_8
187bc498-936b-40eb-a574-c4489a132232,S_8
1803e2d7-ffbf-4a53-88cc-b0b098faedad,S_8
83c4b8d2-dd12-410e-9802-9ff28a441eed,T_8
7a2c0ffb-192a-446f-bb96-337be7d60e9c,S_8
58908481-352c-4f3f-bd8a-0b09628371b1,S_8
8e863307-7de7-4470-8ef8-eaaa781347e4,T_8
c99d3d2e-d911-4b50-a319-aed546c7fa4b,S_7
6f95cc2f-0ec0-4ab8-8bd0-42f4d577d48f,Z_9
e4bafbf3-d744-458d-8604-2b8354ed7f44,Z_9
52b7f269-0dfd-4b6b-9fa0-063e65b659f4,V_8
ef4dd26e-6c10-489f-983e-72f6964c4166,V_7
86565956-22bd-4665-872d-6f7a213fbc36,V_8
f2a19514-cc4b-44d9-bf25-690e3b1f1edb,V_8
bc20ea7e-d2a2-4aa8-b556-d4ad7fe63cc9,V_8
1b183bc6-c83e-4409-8394-f69ea75cbbd0,W_8
16b9bdcf-d48e-483a-893b-3c21f35a2a89,V_8
13ebad1a-ea55-4a44-957b-cfe9df8184a6,W_7
a51d7dd3-d95d-46c0-bc4a-5bd2a86d51f1,W_8
4d6f8127-2826-42b8-8eac-ee97bc622090,W_8
33e3b75e-60f2-4b5a-b4d4-ac950ecb398b,W_8
ab9ef5cb-d2d1-4a5d-b283-b86122e343a8,Y_8
d3dbeb4e-a12e-48e8-bc78-b6fd4d52d4e5,S_8
7413523d-9a45-466a-bfad-9f45ac61b2bc,W_8
01ac0cf3-7e68-475f-9ed4-b557a7f8f0ea,W_8
13c0851d-9526-468a-8b41-9a67149ac6ff,W_8
08346c63-0b37-4046-975a-6b0714bf5883,Z_9
b253be0c-2656-4d91-886c-6fd854309547,Z_9
044a8f1d-9418-4054-b742-1689effbe618,W_8
bf735a7f-fa0e-4952-88fd-055c7d0dcd74,W_8
d1235f70-d545-424b-934f-76cd6910c9c4,W_8
fb5e4fb8-f3f4-461d-bba4-81a3b11a0231,W_8
633ab771-1894-4f47-8972-e533182f646d,W_8
c9034705-df73-4197-a24a-5b692fddcc3e,W_8
b9e2cc0d-0549-4f12-8e18-2500ad10d7d8,W_8
ec01dcfe-6658-4463-8f4f-26ea085a1e9b,W_8
b412ab20-b889-41c2-ba4b-25d824936607,Z_9
076e61a5-82af-465e-839d-4958f52972e4,W_7
68268923-ee6e-4102-aff0-d49c75cdced3,W_8
fefb3cc9-f3f6-4939-a5c2-bf2735b89ac2,W_8
de8dd681-8a9b-43b7-8887-5be64d1daf33,W_8
8e132fca-5043-402c-997b-11b50d8c0f48,X_8
36488c5d-d717-46da-b16e-a31b37e5ceb9,X_8
18e94960-3a6c-4343-b1b4-81a80437f442,X_8
b39cfbd9-de4c-44d5-a9d1-c76d96cbbc67,S_8
105b422c-7f6c-4aab-bcf2-b114e5c6bd0d,Y_8
2cfbd70c-1279-4b03-8a91-9eef216b1589,S_8
4481f5d4-563d-4072-9e66-a5825a7ba07e,T_8
a2305c8c-5746-48bb-90d8-2e18525f1f14,U_8
a91ecd70-38b3-43b9-af4c-40deb06d82fe,S_8
9aa013a1-26b9-4dec-bd1f-7ac45c22c25a,T_8
92e991c9-37ed-45a2-810d-5f699ac42db4,S_8
22075eb2-5cde-47de-a06f-3ea50113c5c3,Z_10
87330a89-c295-4bf4-b8bb-cb518bb352d6,V_7
fc6c96e6-c81a-486b-8603-5c99f2182a6c,S_8
3a487a1b-7aa6-4eb0-af35-c1445332d236,S_8
9794f81a-1cc0-468d-aea4-f5062a829253,X_8
35c5ee26-a380-4e90-9eb7-f401cecd227f,W_8
b40d89ee-1a7a-42d9-84ff-53364eda28b2,X_8
22ee9f06-4cac-4222-9bc3-c10cdcf74367,X_8
f3e83755-41c2-4143-aba3-1e1eedba732c,X_8
852ce77f-d160-478f-91ba-802df154feb0,X_8
575d5b43-3ec9-42e5-bb0d-60fbacf33205,X_8
9a51abe9-cb9d-4574-b8a9-afb1cff65519,X_8
56d0718d-3d3f-4b86-a285-a6511faa7aa7,X_8
72a07522-b70d-4a97-94a2-f0853b7ae558,X_8
9440401c-48cf-4008-8aa3-228015c84c0a,X_8
186d97a2-e3dd-40f9-b11f-becc41f6f111,X_8
c4e78fa6-543a-43d6-9104-a3ea7e711344,X_8
e4cb8fa0-c4db-4e69-b02f-fcfe296de2ce,X_8
0897e77f-45e4-4504-a234-6becedd46ab8,X_8
e7e73684-1423-4567-bef8-49043f34af6c,X_8
cfe22552-aa26-4b0b-90be-559dc47574b4,X_8
1cb0aa4e-975b-47df-b263-aa84a2547a1a,X_8
235bf94a-8506-43b8-8867-20c15908d66a,X_8
844341f4-1e10-4cc4-b33b-31dfcd58a7b7,X_8
64edb996-5af2-4045-b25f-428bfe3ced12,X_8
dee3c310-11c4-4e4f-a961-79ec0c7235ac,X_8
a0e5a99a-82fb-4bb5-b1ae-a97de15e82b4,X_8
763a28a7-51a5-4dde-948d-a347a7144be8,X_8
e502937c-2626-418e-8029-b89349732e50,X_8
27dbec2e-72d7-431f-bc27-428a3368adba,X_8
10db7415-35df-4022-a013-3176d3adab2e,X_8
0c9dd0f9-67a2-4612-9085-3344d4043fff,X_8
d5caa67b-9024-4b79-8e72-d192e1296612,X_8
f19115c8-53d0-4f4b-ac6d-b1ca79cedf47,X_8
9210e592-3e01-4566-a935-be830c2bddd8,X_8
460c3702-bcf6-4343-8887-2afb18db3fb8,X_8
f63a9c5e-ae79-42ca-a2a1-93be49b11532,T_8
1a1ce0c8-2d3a-476c-9241-d7a392abbf0c,X_8
2e0d5a22-42d7-49fb-825d-57cd1966387d,X_8
9ba8e9aa-081d-4f32-b938-004bc71c4381,X_8
459bcb16-2525-409d-ba59-008ff5a09413,X_8
0aebebf0-7406-4b1a-93e0-9555b0a9bd6a,X_8
aa3cbd21-5547-440c-9e99-84e25d543859,X_8
e3e793be-7fbe-488e-9024-1bf23553bff4,X_8
e2beb629-164e-4678-9517-f1cf624fa1cf,X_8
7dfdce2d-0186-407e-8122-e7bba211c03f,S_8
5a588aad-13fd-40d5-a2fe-7222b782e260,W_8
0ad50f23-a066-459a-9b0d-3cd2c6b4a4ef,X_8
2f343cc0-47ea-4e35-9b90-4624ef33807b,V_7
b202102c-c4a9-474b-a63f-55a644c64835,X_8
3c5e7266-3f74-4a36-911e-979dda861b5e,X_8
488e2a23-69be-45eb-8369-ff2c27c42b45,V_8
acf89c7a-1285-484d-9f89-891abe6b2fc5,X_8
ae1abc74-68f8-4a40-b1e0-afcf40cc69e6,X_8
ef4cdcd7-1e06-4608-b828-d01c558af883,U_8
27b65b1b-763d-405e-8497-bc1209370163,T_8
840cdb9d-f342-4691-aca2-f47ef2e9e5f5,Z_10
26164355-889e-4dcb-8070-972e8510769e,V_7
d288a09f-0cd1-4ba2-99ef-95450ea6f50d,Z_9
d8431375-3b5d-46a5-b2bc-5a49d0869d5d,V_8
b30c38a5-a0fc-4f92-9745-28c9bf588612,V_8
55ad8b49-bc41-40a2-80c4-ed4bd615fd57,V_7
07be7ef5-e55d-464d-abcc-71e6ec7e9381,T_8
8f7be403-ebaa-484f-a3c7-1dfdf88b82df,W_8
e02873e0-c092-450a-a742-866337ae8044,X_8
48b69479-fc01-4e20-aaf8-839ed9e1d9ba,X_8
66cfc067-70b0-4a66-832e-3ba8440a08ad,X_8
0f69962d-6c24-42f3-ba7d-9bce2d174e21,X_8
468adffb-a8dc-4d6d-913d-9e9fe95aeeb6,Z_9
41023c62-1cb8-4c93-98d9-c5aaec0ba3fa,W_8
d1441b6c-21ec-4e0e-ae5e-18a418ea3ef7,U_8
e2e99cd8-b3de-4e8c-9407-a1ed69b70beb,S_8
131fd33c-cff0-4cae-89e2-02b0b8f0a929,V_8
2691c2f4-7622-4086-a1ab-3c16a2c8cec2,U_8
a7b3991c-5e7b-408c-95ec-1fbcecae8b3d,Z_9
e438f743-f03d-416f-b2db-c1e1fd688361,Z_10
9bcdcd3e-be78-464f-9885-ae5e7d0c7313,V_8
8ce1d6cc-fdd9-4923-99e7-1805cbf11a8f,S_8
d22bfb0f-fd26-4f22-837b-5dd02002cf65,S_8
e81ef4d2-fff0-43f8-aff0-1e4b23b543ad,T_8
436749ef-c7e0-43a0-90b4-10f503a15011,W_8
9b89936b-b44f-4286-9429-394074be364a,V_8
c4022806-76bd-45ba-879a-ce5734ff9b79,Z_9
1fe99da5-b97e-40b2-a97d-6a5ee62e91cf,W_8
9fe424f4-eab3-46fc-bd72-1f54057ed8d8,W_8
47f5ee7e-f638-4251-ad7d-5c27c5b40162,T_8
7aabfe3b-53e3-4617-97a8-441629a813ef,Y_8
5a14c83c-7911-4473-8da0-d3531d9b15fd,Y_8
47a4b9b2-d289-4b19-b376-86b0f61703f7,X_8
5de8a66e-6299-4437-b3d2-03057f6bd92a,W_8
6d38943d-a1e6-4400-92f1-6c73c001bfb6,S_8
e4b31e12-21a3-4694-92b1-12e4c3295993,Z_10
9412287f-7fbd-42d9-8337-a8c747cf42ac,W_8
3ad77519-3628-49ec-8750-a628e60d8e30,Y_8
5c1d012a-c766-43e2-bf9c-7b2ad93c9227,X_8
fd062d1e-d166-4c98-bfdd-2b540cd9131b,X_8
8c4ddf80-acb5-4af1-a09a-42d8595e2f24,X_8
4041bead-ae45-4e68-ba45-050b9cbbb40c,Y_8
bf15a38c-ad10-4782-8583-66c514a441ca,Z_10
d8c6de38-86c7-4307-b170-f337bea1d782,Z_10
c5a0278e-44cf-4ed0-9e8b-48fa0be5296a,Z_10
dabd2e11-e9b5-4d51-a7da-ed3105975dd6,Z_10
ab65f766-b458-436f-86ea-9f9e568ab50c,Z_10
45bd623d-9a7c-485f-83fb-c8b281727159,Z_10
95fb6322-759d-4a39-beb9-34a2605465c0,Z_10
12bddc9a-23c8-4be7-ad38-d8d5d4b60d48,Z_10
8f5e9c4b-30de-4246-b060-11bf4dedd9f2,Z_10
aba4547a-8f9d-4895-91c4-55350842b1c1,Z_10
409df073-5200-4349-ad8b-2e5e59464eea,Z_10
3fb02851-d0b1-4699-b201-b29c0b5113eb,Z_10
cb9de14a-38fd-4de6-b806-02f4cd80bea1,Z_9
57207afd-47a1-402c-93f3-7aa194a55f91,W_8
73f79155-f35f-4bc4-9558-77ad14c4e760,U_8
8da64e78-c27f-4180-87d8-a6d60f93afe4,V_7
8df8e22f-ea43-4f44-8c90-6ea5fbc98abb,W_7
01decd5f-251a-4d5a-9b53-4b76da2662f3,Z_10
b1615e48-6cbe-4cf0-a621-5d988d318725,X_8
5efae3b0-6c58-4777-9fc6-1c4cc8e1077e,Z_10
0035206d-1b8f-45af-b94e-6d7d9332446d,Z_10
77e5b877-faed-4c7b-bf3f-ee948797d3d7,Z_10
5babf333-e0dd-4954-a7c8-71d44c522338,Z_10
05de414f-858f-402e-9cb4-079809068e3c,Z_10
75a3f0b7-0259-480d-a988-24a99411f293,Z_9
b8990390-67ff-4c1e-a87d-aa0145604d09,Z_10
663a4e12-aa3a-4c0e-9e51-021414b62069,Z_10
40eab3ca-edb8-4ab7-a49f-77afac4a5272,Z_9
eb459db8-b65d-4c0a-a865-39cf09a72e39,Z_10
032efb05-dbd0-43c2-8c07-4854a4f8816c,Z_9
2cc5912b-8079-46ae-834e-c4b1ea8cc175,Z_10
88640016-faed-4ee6-b162-2f8d739c7fda,Z_9
e213dfcf-c453-4e04-9ad1-a73591638a65,Z_9
3acd120e-2202-4b81-ac4e-12ac3e6e0fe5,X_8
35094d6f-d4b9-4a2b-8554-4135c22b98de,Z_9
f5be41cb-f6ec-4072-b49e-22b538562a34,X_8
ff2f96b7-b123-4135-aa44-f961a21c12dc,Z_10
e438e243-6123-469d-9b8a-78404d065670,X_7
183325bb-5c1a-4974-83b1-c627453daaa7,Z_10
c5e50d03-a757-4102-824e-5da48069c2e1,Z_9
56dc8b36-d360-473c-bd22-f81964021de1,Z_10
ef8ef586-b6fd-4525-85a9-5191beed88c2,Z_10
45086d8e-c74b-49f7-96f6-d4382c264b67,X_8
7c0ce3b8-b7e7-434c-80c1-e0a03a39d6f5,Z_9
fba58e9c-762b-4788-b545-111c87c6d2c2,X_8
5296be59-4e2a-4ae5-ac0e-a6d20fce816c,Z_9
73359272-7ae4-4706-83c3-719f96d667f4,Z_9
71b2e180-5772-4511-9fe3-4f6a31bc5d1f,Z_9
8e135e3e-577b-4105-9899-480db875d703,Z_9
da84733e-b63a-4f22-97fc-377100f7c5e1,Z_9
45e1ebae-5338-4fff-906d-0e792318973d,W_8
ca97b0a1-fbd4-418a-bfc8-6d622aba9b49,W_8
def07695-b7f4-43b7-8e59-9234e91404bd,W_8
b7c2622e-e251-4c09-8cb4-24c442f753b0,X_8
a87e5965-85ea-4c78-abc8-45065b898107,X_8
e1442db9-dfbe-4c1c-8953-338829e6e6a5,X_8
f5a0d202-a498-45d2-b402-519bae59d50b,X_8
86ff52e0-f988-4bf7-9201-240933bfbecd,X_8
eb5ff04c-b844-41ed-b176-d9563229fd87,X_8
a2416db8-c4b6-4cb4-aff3-b70a8d31a842,X_8
e00e4276-62b1-4749-8172-7e057d8fab14,Y_8
e1d77ddd-4e16-4ab5-bf63-54c43a2b4df6,Z_10
434bc2a9-5eb4-4773-b946-302f76c97d6c,Z_10
356a45f3-d45d-4c73-8eaa-c2bb2d1cd35f,Z_10
48fdfeba-e8e2-4a39-b113-e89d30b53b51,Z_10
f9659a4f-c6d1-4af9-a2c4-2d20450fa17b,Z_10
a30486d3-d9eb-48de-a345-2573fa2bc547,Z_10
cadca992-021e-4916-bab7-66c8da93a0e6,Z_10
2109b69b-e4ca-4591-a570-f6b4d08e52d2,Z_9
b474e39e-80d1-4db1-a74f-d2547da30ee7,Y_8
3b2d4e1e-2293-43a5-9946-13a0eba088a3,U_8
ac7ad87b-8bc0-4df5-915e-4e4be32e2d68,W_7
6f93960f-881c-4b7f-9e4c-6efe7d92fb68,W_7
dbb2332e-d1cc-49b6-a150-6d693ee5368b,W_7
b753cf46-5d0a-48e4-b5b9-d7d8e42efae7,V_7
92276d23-6058-4974-b3f1-bac3bf346e0b,V_8
f0fc674a-e3e2-464d-9c8b-d81250025450,V_8
7530fd27-16ba-4bd9-a58f-b9b0f534f6cb,U_8
58cb2969-2276-469b-9bbe-13cff8219740,S_8
cd8db1bd-2931-43d8-9676-bd93bcaf79ce,U_8
27bbfc3a-cc30-44fc-af54-2a719fab2af7,V_8
0930c44a-1297-4fe6-beca-6303bce5772f,V_8
40513728-07f6-4d12-9f9a-331c756301b3,V_8
7ce65a9f-17af-4d78-aa44-fc02906ed7cc,V_8
14f47e93-3bbe-4d3d-a97d-309d8dda7128,V_8
93b169ac-3f8d-4b99-894d-251982f2e722,Z_10
bd4a1f7f-459b-46cd-a54c-ae18bc9eb888,V_7
05a2ff2f-ec1f-4dd3-a215-032cf4c1de0b,Z_10
17cada22-7f87-437c-8d1c-8acc03dce4f2,V_7
f1382051-6464-4fef-b187-10c9f37be09f,S_8
c6b7672e-bce1-42a6-9da7-b3dac4ca3098,V_7
4ea8722e-a811-4f10-8b25-a2daa6895afc,S_8
98f11524-f8f8-4908-9908-b6175bcca964,V_7
0006690c-75ab-47cd-afbb-b92838207c20,U_8
411d22a4-8a3d-4139-9133-d3b8a60a18eb,Z_10
217043b1-e240-4e67-a981-8594240e8d94,Z_10
6576e0fc-a6ec-4b7b-ba53-1511f519c4fc,Z_10
49e47205-68d3-44ba-8dc5-2ae5b4c1bf75,Z_10
b4601e7a-2a35-406d-a373-233d58a069b5,Z_10
4470709a-84d8-4cea-9d55-1157d6bfcd91,Z_10
e38a3875-ce6b-44bb-87e4-4029a1e51929,V_7
0ba1de72-078f-4e97-9d9b-833d15399022,U_8
cd8d0122-c14a-474f-b877-680e7937994b,U_8
e52eced6-368f-4382-a3fc-d18e1c4c5f3c,U_8
3dc23c94-536b-4742-9cd3-daf13f8a09fc,U_8
32b2d5bf-b525-451c-b463-98a2f8c3fd88,U_8
a76d976e-9e17-4dd5-930e-7bd04e812886,T_8
e5ad9937-ec4c-4832-88bf-d557415b8168,S_8
5b674283-b041-48b8-b43d-183ad4a80750,T_8
1fd882e0-781d-4a09-8ad7-4d6756bc442e,S_8
c8d9e4b3-537b-4fde-b95a-735a47057ede,Z_10
7e6219ce-8b0f-4ae6-a16f-88a566cb72e2,Z_9
56465a77-89a6-44a1-ab17-ccf13776557e,Z_10
023dea82-e8cf-4a85-8902-4d84df321d4e,X_8
fc8569de-6a2f-4a32-aac2-387db11dcd64,X_8
49283173-0e1d-4ab7-9bb0-3620bddc6999,X_8
6aa84f6f-7a8a-4760-b125-880e0ab7b037,X_8
56ab2fdd-3241-4749-9e55-fedc093b4ee4,X_8
88c90faf-9287-4b35-b413-bdaea29e6a1d,X_8
02247a93-f9c2-445d-a8c5-35d79e515ecd,X_8
74ac8845-0154-4c9a-9790-336d189a6571,X_8
11e6224d-f23a-4bf0-8ec2-73a92536c93f,X_8
26d6137f-add2-44f2-a61f-4b7c8c9a875e,X_8
3122fdd0-2026-4ff9-a91c-d10eed95011c,X_8
ad81072e-ec2b-4a0e-bfce-6a1def2b0e42,X_8
7bf426b3-6bde-4958-a08b-eba78b540905,X_8
b7ca8235-59ef-40f1-b8a4-4a607f97e43e,X_8
39d45c1f-8d20-4965-b08d-c6dc5c5704c6,X_8
edf7d3cc-5d81-4768-a5f2-9a4dddaa20d7,S_8
fffa4379-a188-4403-9cfc-f2f5cc940f05,Y_8
cd418624-4ea8-4d3f-8df7-18016b3d4ef3,V_7
d9f16b64-84c6-4baa-9e6b-3324a81f78c9,T_7
8214b8b3-daab-4e1b-a4ab-77f9eea326c5,U_8
1f57b126-4e1f-4bbc-8eea-6ba49b80c713,Z_9
ba6359f9-10e3-44b9-b483-762a7128cbf3,X_7
f35603bf-831a-49ea-98c4-cf9cd3fb3fd1,T_7
aadbd84c-433a-4834-93c1-aa63d123436a,S_7
df259b4c-9196-4276-9dc0-1b6033bc2b82,U_7
c040e1ec-505d-40a0-a4f7-2b1745f3934f,U_7
eaae85d1-8885-4ffc-bc03-47ee2fdbb282,S_7
4f146198-df16-4519-8e50-38dd27a469ec,U_7
67756298-17c1-4d9d-96cf-31c8565b58b3,S_7
07f7946e-5be9-4a41-8208-537c247e1dd7,S_7
e46e8b99-9f57-426a-971c-0c76293a4133,X_7
ad9d5368-b01b-49bd-bc4c-0479821fc563,T_7
52a7105e-3e2e-45ef-a856-30d76731300c,S_7
461b9cc5-7504-4ea1-b0a1-1f52ddbc90f6,T_7
490d952a-7f1c-46ae-98b2-5cf93fcbb8e5,T_7
465be6cd-8e4e-49ec-990a-852495441d38,T_7
2f7ec904-44f2-4ce5-b056-e95903d7e049,S_7
926b74d0-fdcb-4d03-817a-f963f1dca7d9,X_7
9f7f84eb-12de-4b27-a00a-6e5f693798a9,S_7
b5f5b260-631f-471f-ac85-11a3718e36a4,T_7
c9208f10-91bf-4d4b-9c43-abb3d0a8f9d6,U_7
d7fc5cb9-5aed-4e1f-81eb-4bd0df228252,S_7
86f230ae-ca22-46be-ae18-a6b0cafba228,T_7
8542c1a1-b381-4d66-a7ba-a17b6b595bab,T_7
2dfc5fb1-90af-4fb8-b25a-da1930cf9bb6,S_7
7d4b63da-659a-40ba-be0e-667ef5a8e939,T_7
9d864585-1338-4d9b-a148-fdffa7cb7522,T_7
1694832d-b962-4d84-86f2-3dbf9d5b632c,T_7
ec23370c-6638-48ad-92d0-e9b9138d0bba,S_7
27085745-6388-4df2-af70-f1cc69d8cadd,T_7
9b1e703b-fcb6-459a-92ff-e0b08ab9683d,U_7
d2f8ac31-58a0-4ba3-b7b7-beb1e953c828,S_7
048cbb20-2c97-4064-8da4-1a02ee7ff53c,T_7
1807fc8e-81d6-49ca-a4f4-d0c2c2c28cfd,U_7
32699b22-dc8e-4a94-a3de-ad89b72eb617,X_7
688f0d68-9609-4ec6-8414-cdea65645d5d,T_7
7610cc11-f0b6-4a43-9b6d-c3673f264f68,S_7
a61b786a-889f-47a6-8b57-deecfb6caeb8,X_7
2a74a5fe-9754-492a-9440-c6e13593586b,T_7
3302d577-cee4-44dc-ad2a-19f1965201b2,S_7
e5293a18-44ea-4b90-b957-3bc69fc2001e,T_7
8d249328-fb45-4140-9267-e833df1e131e,X_7
59bccfef-60de-421b-82c1-cda1626e32a1,X_7
f9eb91c6-0237-4cf3-96fc-d6363bb6df69,T_7
3f234d29-6fd6-4232-9313-eed9cb8d90ba,U_7
f6749dfa-e7ae-4f32-a150-385f3c6d65c2,U_7
7dbd16a5-4518-4995-8d6d-d3e9b58277c6,T_7
b7c3b22e-d8e2-4ed8-adf7-40008d4facda,X_7
3b78d78d-7140-48d0-856b-1157e3d8b862,S_7
413474d4-cfcc-4f95-b7ee-b28e8a6f1a4c,S_7
c1000b7b-1bd7-42c4-bb49-7b5bbc8bcad1,U_7
74c759aa-ae5b-4e54-a8fa-35ac388c47c1,S_7
a5f981c6-4350-449b-b508-143e3b1e2f57,T_7
8ace3af5-db67-4ba6-922b-2c9378f5cf99,T_7
2e90665e-95f0-41fb-bd65-442d7d829520,T_7
41736225-3bb1-48f3-acd4-60c6531a3983,T_7
97dc543e-6185-42fd-b2f2-f07a25cd7a9f,T_7
50623d46-88a3-4507-9f89-3975e6bb0f8e,X_7
469b58e3-bc5d-489a-ae27-db7a09b6f503,X_7
2f669a53-6a5b-4e1d-8f3a-02a1237dff67,U_7
f74bc8f2-7e97-49e5-931a-b170b3821bcc,U_7
71c3535c-d8bf-4043-965f-77c18c5401b1,T_7
f04a51e6-d96d-4af5-aa62-1978e1cf7000,X_7
1a84170d-e79a-45c1-9c06-d472c7094438,X_7
113566d4-7967-4262-ada3-6914190cab9f,S_7
5eb6017a-9df5-48e6-bf13-ae979f46e7c5,T_7
ec9db06d-feea-4d1e-8cf8-1a39873c0be0,T_7
011c7ee1-9aac-400e-a4d2-175405366a0a,T_7
68a59772-fc16-4d5b-a0a8-7d6dab1da27e,T_7
d53eda2d-6166-4bdb-89eb-5b59c0a9d97f,T_7
e4d5110c-5a01-4c5c-975a-ecf1a0ad5dbd,U_7
a07524d3-8ae9-47e9-aaed-cfcea6bbba62,X_7
b8e6e87c-92ad-4abf-822d-c37f554190dd,T_7
e89bf093-5d2e-44ea-9852-94cd81ef4c05,T_7
ffe54736-8e48-4bf6-b214-72415affacfa,T_7
5f9bb80c-9140-41d7-a17b-dc8540b91ce6,S_7
26316461-b9e4-47ca-be3f-febb9aaa71c5,U_7
907c5bba-1288-453f-b52b-4ad6c435400c,S_7
a5845419-ab14-4b23-9111-6d554ff1087a,S_7
46248dc1-72ff-4ab4-8aa6-6cf52551df0d,S_7
367204ab-ef8e-45a6-a06a-eaf1f1daf0d3,T_7
b877f95f-6ff9-4f56-87c2-da0d455b0084,U_7
f1d8201d-e488-4798-b5b6-07393f276a6e,U_7
d5f5335d-474a-4964-a80e-b491379d025e,U_7
d4ddeedf-8858-47bb-874e-c8e06d147339,U_7
56b639b8-7d11-44e8-b56b-c7eae182235a,U_7
bb669df3-9acb-4e3f-8f59-62e319f53bc1,T_7
cfe9742c-d576-41a3-94f7-27d481eed299,T_7
5c94dc7f-e670-4fa8-9b31-7d4e60c90c5d,X_7
0cfd9759-f401-4913-82d9-ac15a4bd0660,U_7
4afdc7c2-05f6-4488-9d65-58d1afde51a1,U_7
e4240664-c466-4156-9084-0ef8a84d1bd9,U_7
6dbe1a2e-6219-42fe-93f5-376b26e7eaed,U_7
1377916c-2cf3-4378-9ae2-b6d7aac9c2ed,T_7
f0476e21-8df9-4d39-b66b-c846f74cfca4,T_7
3e7d52ab-476a-4fae-9b89-96489c4280dc,S_7
127a19c4-7ab0-440c-9398-396d78f47ae7,X_7
182a769e-11c9-4f72-acbf-4a49509a9418,Z_10
d466048b-0eb6-4f5c-9be6-e1f373a61e6d,T_7
706fd695-d74a-4a3d-9491-bed2d6f849b0,T_7
ba0ff00b-22d8-4b2e-a115-d1f03383e75a,T_7
75a0f462-16d2-46b6-b07d-8d9467123622,X_7
ac9f02f3-8a35-429d-bc0e-0b3f10c9b666,U_7
bc55b4a6-dc63-4bf3-ae0b-2767a8e18e83,S_7
ec2272bd-277e-4aff-9095-352d21ae1309,S_7
cb08a831-37fb-4d45-9d56-8e319f43796b,T_7
8b2c26ca-0db1-4326-8345-ba820d27fd61,U_7
03528aed-1d3f-4615-91ec-37f7380ba375,S_7
0c5069c7-8182-4128-b343-954343cf2ddc,X_7
a42a7dca-9646-47fb-8a66-5b77fb5c2fbe,T_7
1580a129-6b1a-4e4c-9a35-5587f84b9f4d,T_7
aa51903a-aca9-4f7d-b127-555ce97c51e7,U_7
396cdf6c-1458-43fe-bfeb-74830593f385,U_7
eaa0f8b1-e5a0-4793-9f85-5c99f2604015,T_7
e540c255-5be8-4122-8482-2ca9018be592,T_7
2826beda-ed4a-45f2-b0a8-8140698c79e7,S_7
cf388f3c-45f2-4901-aedd-c830cee6bb8b,S_7
a7c52f42-6292-4020-a5bb-4f0ffd1101d9,X_7
d61158ed-0fc7-4353-b1f0-fe4d060d5aec,T_7
48575110-9c13-4760-b935-73faf06c4251,U_7
f6ffbff5-e63e-404f-9c40-66ef6c4c57e8,T_7
7a416caa-39e4-4750-912b-32b1a4648b3b,S_7
30f298e0-a4bc-46b2-a8b9-02e8422276be,S_7
e4f86f32-15a7-4377-9faf-96060aca0c95,U_7
22c5a077-c7de-4877-ad20-706b0d33636b,S_7
991efaf2-ccad-4276-b1e5-2f74d84866af,T_7
22cc9743-f2aa-4627-80ec-73ff0afc1cd5,T_7
e86d16c6-1793-4a21-9d77-07a344831966,X_7
c6de6a62-6dd5-4c90-b9da-4ddb49aee629,S_7
2dc862a1-b033-4ae2-a28a-985811dcd380,U_7
3450ad5c-2dfa-47d6-91a0-aff484b5093b,T_7
9368f30b-5b74-4861-9416-79edd83de8e9,S_7
4967d7d7-10fa-4983-88f7-a499fd23a2b0,U_7
8fe8ee9d-50ab-48c6-af91-4cc8c880442f,U_7
112e1b03-2abc-4a2e-867e-a2621eb039f0,S_7
ac87e792-765f-4675-83d1-54dbaa19e28a,T_7
efe409a0-61c7-46e5-9d46-9aa52a0eb3fb,T_7
1c2b14c8-e6bc-47a5-9c7b-8c3763c6f07d,U_7
4967dfe1-d85b-40db-940b-a75fede8e92e,U_7
0a5ea6bc-016f-4a48-bc5d-1df5b69177fa,U_7
ed81d91e-4789-4b8f-ace8-481ba78dc20d,U_7
52ff13c8-0a7f-46fb-963e-de3aab500e4f,X_7
d953b768-c32d-40d8-b4e0-ad464d66e215,T_7
86bf0493-fb5d-4d4d-9183-e166c4889190,Z_10
e0995b17-0d43-4d01-a1ad-e10bdd678df7,X_7
3df5d626-bfb0-4edb-ab65-5855fa0313b6,T_7
058b5e85-1fa5-4657-b4ee-b4e73432ac51,U_7
36c23f5d-47d9-4271-84e0-f45fcc7faade,T_7
c2946576-6148-4cfc-a97e-c2282ddfff53,X_7
b81b353b-1f41-48b5-b6df-df9c7715b1e1,T_7
4f59543f-f40c-465e-9dae-132a1e915e2a,T_7
21a512d4-825f-406a-a62c-27f0af445974,S_7
2187c72e-17b4-4eaa-9220-94ae87368137,T_7
e72e83a4-8f28-4057-baf2-b3a0fc0b7750,T_7
445066c5-daaf-4de0-b143-dde50fafcee8,T_7
52d6a331-d678-44ac-8671-9405863d78cb,U_7
da49e256-a91f-417e-9c2f-b56b66519959,T_7
04d28ceb-1ecb-4c3c-ac3e-7d0c14bacc7a,S_7
e9a2be1e-5c31-400e-9348-3784aeab6b32,S_7
f0d0d5bd-a195-4029-a2d2-74a5716e1e6f,T_7
8844d57b-9776-42f3-889c-bd0cb3a06bcf,T_7
3894d703-53c0-4b55-b456-5bd956d860d1,S_7
7eb1fa9e-4b16-4809-ac1b-6a2bdad4901f,U_7
d310f5a4-14cb-4389-9302-c443bca1c406,U_7
06f355ad-aa81-44ed-9462-7e7c6b50b092,T_7
9516c8d7-755c-4453-aaf4-9ec457fa728c,U_7
b98fbf4e-73f7-4f2f-91e1-7be030bf12c0,X_7
d2266403-386c-4ecd-ae00-479e946041ab,T_7
5dd2af2c-aaf0-4c65-94cb-510474bdf3f9,U_7
d34871c0-a9d0-47c8-ac50-535599355bfb,T_7
ae8f9d47-7223-494d-95dc-986464a69483,X_7
955c7ec0-f609-451d-9b65-1308eee1d705,X_7
9c78e52b-688a-4c7e-bf98-2445952e487f,T_7
3d10204a-72a2-4d0b-a841-900d0274681b,T_7
c24850ab-709a-40cc-be53-885dc54a5f15,T_7
3e01148d-8b71-4ffa-8cc2-1feb18fbdd10,T_7
ad388921-4e24-4257-bccb-88a9b6cb78c4,X_7
99414b45-e05b-4ced-93bd-011745199854,T_7
72e1ca4e-b14f-4e26-8779-88e3389820e7,U_7
8dc0e165-4476-4208-9ec9-b998e82faa02,S_7
86e15f77-f8d0-495e-9ae0-80642b97c929,S_7
f878db0c-4be2-4412-a38a-a6e4915e26c8,T_7
7b55dd62-cf8c-4f4b-9bc5-4daf01efbf9a,S_7
99acb4f9-1e76-43cb-b4de-0e813d06c08b,T_7
57bf5aea-309c-4617-8e2f-bb59a5df57f3,U_7
e4f531b2-2732-47f5-a486-109c709b4c2f,T_7
ebf85ffb-8de2-4186-aded-79868752b7e7,U_7
57307339-0f80-4847-89cc-9a1ecfe54cde,T_7
615ce1e2-817c-4fdd-9060-234a2bc4b814,X_7
73e5b79d-b376-49d8-8f5e-a1a3343e5fd1,T_7
a533e71b-d1b4-4e50-b899-e41aa3849855,U_7
e0f8ce08-c3c5-4915-9d6b-deee0897421f,T_7
45458352-1a5f-43f7-a956-175129a57ed6,U_7
af84f2d0-c9b6-4b34-8d79-3b049e288bdd,U_7
69cc6593-cbfe-41cb-a36d-07bb75fa2ef1,T_7
baa19c3c-3e40-4201-a311-875d80dc9e55,S_7
6a10e96c-b277-4fa3-9e74-43fe178ca5a3,S_7
007c1873-b083-4b1a-a418-58f434a076f7,S_7
ee4efb97-8da1-4453-9c02-d0b92e889870,T_7
9e6cb2a5-e532-4207-bd10-18bb5d482ca6,T_7
48763b3d-d2b8-4c11-89a9-0c9859a74806,X_7
8083ff15-a844-4437-963a-7532df6d3203,U_7
6a16e92c-1984-4744-823e-d02a73663455,T_7
f7387926-6aca-482f-bcc5-b453de1e040a,U_7
d15eeebf-ed3d-43de-84df-3a2de5951ac7,X_7
2917fe9f-c580-460f-8b4f-a5653275459f,T_7
4ab4bceb-5d60-41ed-8a7c-9877a0c91650,S_7
51c5b1cc-39a8-450b-b3ee-41ec3b969b18,T_7
c32cc10f-f3d9-458a-8206-5265103de8ab,S_7
e2ac2d48-382e-48e7-8fe9-7785ee4209dc,U_7
1f325fd0-07cf-4fb0-aa9b-a372066d8290,U_7
000a2375-187d-43ec-9e24-4d1e3623e12c,X_7
d5c18787-18e8-49e0-be0b-b51b4b94a728,T_7
1450fa32-e97e-4a8e-94b0-b7bfd7ac14ad,S_7
9bd8266d-21c2-409f-81ad-ca0d98ceaf28,U_7
020ca878-a62a-4a92-9433-bb352c583d0b,U_7
8e775881-effb-4a65-9c1e-eb00084d1bca,T_7
fbbaf7b5-9e78-4495-91bf-73ad28a5bcbe,U_7
288e6982-333f-4ada-a438-ee172170c503,T_7
cd9e7a78-7416-44e1-91a3-d4baf86c5362,U_7
c09f3ddc-fdae-4528-bdc6-518b8c4bafe1,S_7
22f80fb5-2b3f-443b-88ab-05af8825734a,T_7
011cb4e8-3795-4604-b072-8a957eb463de,S_7
52394818-2048-45cb-aa00-e52b786226b8,X_7
3c15e39f-bccd-485c-988f-cf20cf24d55b,X_7
3b046c4a-ab5b-42a3-9f73-376394566298,X_7
ffa5b951-5174-4143-9b02-bec286b8b1ad,X_7
09cdecf6-6bcc-43e7-af66-0efb6f7da7ec,T_7
df6e53ef-daaf-40fd-b39f-cb327cc9d462,S_7
154f9685-677a-40a9-89ab-1e676484148e,T_7
26d90467-3286-4cd6-b287-e5d9c393cf1c,T_7
ded88b92-3734-4663-a2c0-4f626370c0bc,T_7
85ca4a75-f20e-414f-bc7f-88f62afbe962,T_7
108a5f13-a471-4aab-b8cf-8f2aa0e7dcc8,X_7
0b1fe7b1-5613-4392-ae70-cf85cfce03a1,U_7
09ab3722-b454-4120-a726-1b16602d6e9f,T_7
7f41f8e0-0ee5-46ed-9748-b19f08610092,X_7
0413d46c-a927-4776-89e2-b0df81130f72,U_7
1ab48096-a2c5-40fb-823b-077011894b7a,X_7
4f2c45d3-277c-4a9d-b54b-fd76a1aba44b,S_7
cfa648af-029a-407f-98c4-aba98df1a790,U_7
5a3954db-2e48-4551-a56b-a8b45a76303f,S_7
1dee1d17-19e3-4601-98b6-03a63690625f,X_7
52135ff2-e3a7-4a26-a365-9e2d2344048c,S_7
a92a82f6-1e45-4430-824a-7cab9ca29941,S_7
66b3a04d-da41-462f-a63d-29fef1558c1e,U_7
0ddee054-a302-4935-b205-d959078df360,U_7
5fb91ccc-2946-4445-b8d2-7d3ae3345390,X_7
4b269c6c-02a3-4191-87f8-be883342dc2f,T_7
cb1c65bc-337a-4cfc-9205-a58a3e1253dc,U_7
4834b7b5-cfd9-42c2-b0dc-a897e2acc68d,T_7
cb40e352-01c2-4f31-9284-b2090e90e646,X_7
5c40b144-8f44-458f-984a-c0d5c0b79e20,X_7
18e0cebc-5d97-4e25-b330-246b806c1bb3,U_7
a4fec624-03fe-4f8d-84ef-3868e5338f63,T_7
f3eca4dd-7dc9-4d35-ae68-287b786ddd31,X_7
90999629-564d-4e1f-b545-26bae4d8e0d3,X_7
96e00613-4cfc-413b-ae94-25d16ecdf6d7,U_7
320d78cf-bffd-4abc-b13f-6e73b9c8fc63,S_7
e30bde30-97c8-4d26-be52-3eacb7a9b9c1,T_7
eb67222b-9a91-48e7-a204-67c40f669adc,T_7
015ebf87-fc64-46fe-aaee-0f94c721e5e9,X_7
21dc37d7-c40c-4513-a6e1-2fad77bcf712,T_7
d8afba5b-91a0-440f-a096-d42177479edb,T_7
a41f2754-b665-4ba0-82ea-708780d0121f,S_7
88456608-4554-4cfb-a427-34e96165f91b,T_7
4431db85-9781-4d5b-bc75-272f015cae70,U_7
60c4cc34-ef84-405b-9b1c-6b709719c07c,T_7
04f13acd-3c0c-4650-9c9e-de53e0ed64f9,T_7
eec8a847-eef4-4ec6-bf75-7c8099f6aa58,X_7
d46b3128-8c55-4360-a1d4-cf567294be8f,X_7
cd7b11e6-79b7-443c-9f0f-f06e2313cd54,U_7
2dc54d93-1250-4360-9c2d-5ea07bc370cf,T_7
d359866f-86c7-4325-9b33-5fd7f7e62fdc,T_7
6b8fa2eb-4fe5-410e-a7f3-96eac4ba624b,S_7
cf661a69-450c-443d-914d-7312102ea7a8,T_7
7ac3c987-6848-4232-ab70-a605e7524059,T_7
87b1fa97-bed5-4c46-a8b7-4b7fcd658492,T_7
3e10c958-7c7a-4d6c-9cc5-3b5e70651a14,T_7
3254f8fe-482c-4993-a9a9-33983afd4faa,S_7
beae0d90-2cb3-410f-b906-0af0b94760c7,T_7
8b008cdb-abea-4d6b-ad41-94d173e29357,S_7
49f756a7-dd23-47e2-8810-8dfd3a8a6e08,U_7
32b13252-48b0-41e4-88cf-1d4e8917694f,U_7
01cec249-9673-4fdd-be4c-a6a73b595318,U_7
f0d8f0f7-7bc3-42da-8535-40cba1ccc9ee,T_7
68013e79-f94e-40b5-bb60-7081b4e5a454,S_7
e5c37ac7-5507-4f68-91a3-0bd8b24dc833,S_7
48d8ecfa-1d5d-4571-986d-f8f3daef5fd8,S_7
691582ae-377e-495a-8098-b86e840e6f88,T_7
5a53ef39-4993-402f-84d0-b76eff7ee311,T_7
1a4be196-618d-49dc-8a3d-f2868cc9670c,T_7
e837360f-101b-4539-913a-1c372a9cc6f9,S_7
82b65df5-80c2-48c4-ac13-a7aae09ece9c,X_7
475e2973-d0ad-4092-a4e0-f9d3c3877a1c,U_7
d42a5277-bd44-4b68-a08e-6d538641f701,S_7
203643ee-97ee-46f7-a1e4-8466252318e8,Z_10
48d0a9ac-88bf-4826-9923-2feb617f02bb,X_7
e472e2f7-cc9f-4105-b0bc-c097b59a37d7,U_7
93778a47-1bf3-41f2-9b12-c89151b8fe14,S_7
7f5abd23-beb4-4581-8469-fe95fa52ea70,X_7
b6e3f7f3-80cf-43d4-b462-becdb5d42903,U_7
2f1b9c47-c6f9-42fa-83a7-3eeadc383bc1,X_7
b53e2305-9859-4da5-9593-3aa94212da54,S_7
47b0f319-9c67-42c4-8e75-0e00b715c658,T_7
5a08258d-099e-4417-897f-f2f4d3ac20bb,T_7
91dc5537-6404-479d-b28e-b5635061631c,T_7
2fcde9b0-d736-446b-b1c4-b85b8c91ceb5,T_7
1a3bad30-716a-4d65-91ae-2361124158ca,U_7
b319d65e-1996-4102-b910-229ea670b1cb,X_7
ccda8595-b130-4de6-aaa4-4b525351b6e9,T_7
cadfb9c9-09b4-4881-b093-05ac2114532c,T_7
c86fa211-b010-4bba-a0f7-21809dad5343,S_7
77edf221-77c3-444d-8519-c3d745126708,T_7
9658ed10-8dd3-4b39-bca4-51e06fe1a03a,S_7
c29179eb-98cb-41c1-9988-8a64d45a66a7,T_7
470aaa01-270c-4df4-adf0-d78578ba5826,S_7
70aeb86d-d23b-4051-bc90-cdcf02e171b0,T_7
78534453-676e-4e2f-9b30-6903765cfe3b,T_7
f1b032fa-276a-45ff-b8fe-512d75408017,S_7
c0baa47c-ed25-4963-9e67-95052b09611b,X_7
ab151d94-757c-4759-8f10-616619fe0e9d,S_7
922803fb-6ece-45b8-8a5c-a21ed7c75bdf,T_7
31ec2f0a-e4cd-407d-8f6e-71d8aa00c0d3,T_7
9e1ed54c-986e-4995-8468-dbc1bbb80408,T_7
3b7fb718-082c-4bdd-bfc9-9576e4b69aa4,T_7
963da38f-c5eb-4617-a421-8670a7c92a84,U_7
0d530d7a-8ffc-4c11-9e91-417bc8d3a395,U_7
7a6fe353-34fb-4ace-bc4e-13dd772352a2,U_7
a87c0b4a-4e9a-4b49-8795-d89b669b5248,S_7
910bba10-1e7f-4335-9b17-cbbc2e412307,S_7
70fe9ba7-8652-4fe0-85dc-5c3860961156,T_7
ba249c7d-36bc-4414-ba5e-30c0c776caa4,T_7
ab7c402f-7b29-4a2c-9dc1-ef6a8a6b47d5,S_7
2c7b0fdb-28e7-4811-b96c-8a0adf14b7ef,U_7
85184203-4904-4acb-803b-62273bff0493,U_7
a6b20fd5-8326-4c1e-90cc-08fbfa550e12,T_7
67e5321c-2790-4f85-88c5-53998417bf50,U_7
c878a078-3125-4c0b-9aed-bfbb9af81e7d,X_7
cabbece9-4e2d-4bf9-b8e4-d2ddcbad43f6,T_7
5f3e3b65-d53c-48d0-9b82-3e5c57fd9209,X_7
7874794d-c608-45da-b7b9-c2a76f722c21,T_7
583ef452-bb36-497c-92af-6cc8ec3d2848,U_7
247a201c-d814-4548-a55f-3d9015144930,S_7
39bd2a08-30be-4ed6-b2f0-39a3466a4016,T_7
c8938c9d-13f5-4d19-8fbb-da646c39c305,X_7
e8f87320-85c6-47b6-8b1b-ec027e0b8447,U_7
c29684e8-cb8e-4e39-a42f-2677a9c58b3e,U_7
38b5c86a-396b-4422-b03e-c45a4e1af170,T_7
687e7dda-1222-4554-9a42-fda7f8bf6cb0,U_7
a138d412-61cc-45ec-804a-1762c6533bb4,X_7
a774111e-4d9b-4f68-9b08-3d0df50a275a,T_7
03f2704d-1707-43a7-adfc-f031f6d9a077,T_7
340cd8e6-d115-4813-9dfe-2995777b2ee8,S_7
a6bea2f9-375c-4222-96b9-17f4f6175a5f,U_7
ad9a10df-4c5a-4794-a3a7-b7188e547a3f,U_7
bbc6161f-1b9f-48d1-8528-db0bb2af2995,U_7
7abf63d2-1cc7-4ea1-b387-e8f235984bec,S_7
fd9f8f6d-1b47-472f-8233-70c20a8adbf9,X_7
e6981f19-e1b4-42af-9ea6-1be722834801,U_7
333e0ece-1068-4eb6-b77b-f2f80c827d30,U_7
b61d8dea-8f64-4768-89f2-8071867f8a03,U_7
813734ca-991b-46c8-bf6f-32788d21438f,X_7
18cb9fa1-ce15-48eb-b688-9a957e35be8c,T_7
31d8ad3f-65f7-46b6-ba23-8632cb305da4,T_7
f52041e2-840c-4c2e-bbd6-a82a639533a1,S_7
24dadd10-f2ba-4ebf-9163-1ceb72983a7d,U_7
4852599a-6fcb-474b-8e67-d8f7a92da5da,T_7
f296ff8f-116a-4c65-9512-05347e22ba16,X_7
494cc6f6-987f-450d-8a5f-603c82f17426,T_7
c174f54c-9b50-4b12-ac5e-0dd115dcf634,U_7
8cffbc48-4ff2-4289-a83b-f8f0995f4989,U_7
f65a398d-20a3-406e-9e62-552eefe90d25,X_7
e9838ed6-70f5-4412-b624-61d533e03a26,X_7
caa7b44e-e897-408a-9beb-31f5c67378bc,T_7
9e86c39c-bf59-49df-b4af-046421330072,S_7
e1e3bfb0-26f2-48cf-b566-91a987590b65,X_7
4f4b5985-d241-4f0b-a661-f9abffadb6e7,U_7
fad19b99-63b8-4204-9c19-91fd43ec0b87,T_7
718ee73c-4adc-4ae0-a6f5-26870b7e613a,T_7
ea8a5f3f-4908-4aca-83fb-5f64f370ff18,T_7
a17a7f19-1650-407b-93bd-bd600aa6626c,T_7
9f017bcb-35e3-494f-9c8e-88690a42e847,S_7
265d5bb1-bb2f-42cf-8075-0dffc266a94f,T_7
f48d67fc-9471-4ca2-9ed6-f9c84a15f8d7,U_7
a0f4af25-5035-4e4e-86b0-dafe5b628ccf,T_7
40f96618-e08f-46ec-817b-493c90fab06c,X_7
ecbf1ac2-ac34-41e9-a4bf-d3cb3342c7ab,U_7
48dac2bd-bf7c-41e5-a274-5d7bcd1d09ec,U_7
61d5a9eb-a4de-41d0-babd-c9f297a1b1f7,S_7
eace7d23-8b59-4e0d-83cf-52685da20932,T_7
f2b98745-4ec6-45fd-a548-6ccd211432e5,U_7
1d4a951a-f39b-48d5-a452-38814caf69c1,S_7
80e3d524-fde1-42ea-b010-f2b6e6367dee,X_7
c80c0625-c91a-4084-87c8-21c70b885742,U_7
bfee5c08-da27-49c8-acb5-7f8ba3a3ca52,T_7
7c94449d-575b-41b0-80ea-4052b6df3d28,T_7
510bc4fa-1341-4df4-9e0c-c9fb358e451b,T_7
62f2ce16-a71a-4b8c-a4b9-672c0f4f1b45,T_7
7e46d1d5-af7a-47d0-99ca-85ba74553e3c,S_7
b626c13b-456e-478b-a2b3-d75940719d01,T_7
7736defc-23a6-4fc5-b83d-036b01eca82e,U_7
4e47ff5a-3ffc-4968-bec7-aa37b404f1a4,S_7
0a32e52f-39da-4439-bbbb-c3845d5cf8c5,S_7
621713e8-4309-4f98-82b5-4b8e4faae57d,T_7
57045b9c-2675-439f-91d5-a033852272e6,S_7
8723e9b9-44b9-4fcc-abdd-dfa5ca81edca,U_7
d4954868-0273-4c57-8b15-b9b970662c79,T_7
559978c0-3daf-44c7-b5c0-d6f8c130cc80,U_7
d47f2271-1669-4eda-87e5-c0ac3dc02c1a,U_7
72cc71e8-d87a-45b1-a4c4-a78bcd165489,T_7
62c9653e-f43e-4c59-b11e-ce7ab0b199c9,S_7
d9198f3d-d840-42c6-80dc-b490095e3461,T_7
90b9c4be-f9b7-4661-adda-256fd9206675,T_7
c91a0274-8c14-4784-bc9a-6b4401955a47,T_7
1e2accfb-4cbf-4556-a8d5-5a581076b0af,S_7
197b30e5-3f23-4147-908a-16bdb6532ad1,S_7
8ea1cbfb-8d29-4775-9d17-99cc9e754f8e,U_7
d951751f-9b4c-4316-95c1-ba15dbfcdf01,U_7
0422ad1e-0ecc-4d36-abaf-82eaea736030,T_7
8f261429-9479-481a-8796-f653edf1b1ec,S_7
fac02ffe-81cb-4c1b-8586-d39c8cef5b39,T_7
c5486e5a-c604-46b9-acf2-b6b6c2e13724,T_7
53d08e8c-1684-4b35-890e-9073bcadaae7,S_7
5556bbdb-f300-4d95-b8cb-5ceeae3e0d3f,T_7
9a4fb75c-f7cc-4eb4-8324-56469bce87c3,T_7
be599e03-8298-442a-9d47-abf317e8035b,T_7
ca63d20c-afc7-48bc-9e34-1a7d12f31bbd,T_7
4b77c179-7ae8-46ba-ba73-573e5aca2d68,S_7
49529c27-2060-4591-a75b-2be79a28c731,T_7
1efa1333-a9a2-425c-9cbc-f5aaf4593e79,T_7
e5745783-6584-4442-b4ee-db6b78c5f1f4,T_7
d5eea7ce-d41b-4141-b191-50cc2dfe67f5,S_7
14aea550-75b9-4228-95a1-2f248262d4f1,U_7
fdc954a3-d99e-4d00-b039-a0158da84939,S_7
f2e20ce1-6cd9-42f5-ac26-0ca92b4f90a8,U_7
a26db849-fefa-4668-ae06-32a2044549ef,T_7
d1de768a-729e-4624-a7c1-31a7749b20cf,T_7
1282f5b1-a0c8-47f9-9aee-acd8dc033c80,T_7
d9102b67-35e7-4fc5-b4d3-0ab312bd84ca,T_7
05014717-799c-4b7f-8b9e-c141390ffb44,U_7
dc2c6387-f3c1-4e08-9200-ecac6487f5b9,S_7
19bfd3d1-ea57-4afd-bbb8-43cb241a19b8,S_7
3172cdbd-b162-4dbc-8d01-d47e930e0d3a,T_7
41e895f2-2b36-48a1-82ee-8a3f6e052173,T_7
9bcc1409-2d61-47dd-9943-3362959d29b7,T_7
1edb0509-0938-418f-96a6-6bca2119daec,T_7
2df05c5a-78e2-403a-b818-4f481df08a32,X_7
339984a4-8d35-4d27-94b6-197fa95a1c60,U_7
fa0ab2ab-8394-4000-948c-77780fb34d3a,S_7
d2c5ec9e-7c9b-4e8e-a718-022319738c9a,T_7
3352ce9e-4769-480c-a685-ca141aec1908,T_7
c819c6e3-918c-4bc0-a494-917188a12f92,S_7
2078cf4d-5c49-41eb-a585-8c49932ba22e,U_7
2fb868a4-c416-4a37-9745-8336989c3932,S_7
0be9a2b5-915b-4d71-9bbf-f3f80dd729ff,T_7
c751148d-f5d5-409c-9f9d-bd5cfdd600c8,U_7
08c23786-badf-437f-8bef-072597c97ecb,T_7
ffb8eda2-0354-474c-b369-f052c7e17957,T_7
ac0bd5c8-3086-4ac0-8e9e-3e8627e8e705,S_7
f34fadde-e0ff-488b-911a-1685569cd999,S_7
66568363-c5a9-484b-adb2-83017b3cf812,T_7
83990179-794e-4820-ae4e-5309c44c59e7,T_7
f07d8778-b570-49e6-abdd-35399d3e16e6,U_7
96d1b320-9fff-44f1-ad4e-444103a3b8d9,X_7
1dddf860-5b24-492f-9f38-3c65b10611d3,S_7
1d99918a-88d0-49b5-8c48-4c167f1f1f73,U_7
83e66607-224f-4885-a23f-70122d40f340,U_7
04beca9a-a08e-4da2-9e76-e62631609373,S_7
cd918983-3c43-48d3-b16c-a3ac7b6610f4,S_7
8688899d-d1ee-4e3b-bb87-2ec3463f91fe,S_7
9da9de74-a7ad-4163-8a8f-a8a5ba341931,T_7
1faea08a-4539-43bb-b4d0-2a08b3d45a5c,T_7
ec31848e-511e-47ff-b9fa-02cb109f9446,T_7
0d4336e3-9091-4008-bcd0-f8bb33a63792,T_7
e1f4bb5b-7645-4bfc-96d9-147d33616b15,U_7
f264071b-df62-4003-8330-1825e85e8514,U_7
65bb8583-1248-4e4f-9385-c18b8396c8e6,S_7
0b719f7a-4653-4ee7-819e-8da9809b26fb,X_7
8d7b7168-8df7-4901-902c-c71429e764e1,T_7
e7daa314-3963-417f-8213-ecc911bbe4fc,X_7
17a1a1ea-1b65-4e60-b391-8d075e94cb9e,U_7
7598e0ed-d401-49f4-8888-bfad425dddda,T_7
4a4797eb-3f1e-4d0c-9a60-c6af18a0c64b,T_7
c5b75a00-ed16-454b-9ed3-afd6b8fb5ebd,S_7
0ac7df43-891f-4e03-830e-43bf8d82442c,X_7
2cb3a694-c807-412a-9c26-0cf8a451ba62,U_7
be7cf184-b407-4ce3-b8f5-874b0500de72,X_7
c1b4a7f8-2048-4d56-a487-83d49a2a350d,U_7
5781c89e-48bb-4d55-85a8-9940652a1b8e,S_7
9d7065a7-8177-48b3-8bc4-dbbb4b9dd466,T_7
aef587b7-2338-45d6-b8ae-862512208252,U_7
cde409bc-f6c6-4fda-bb38-3a9f4ef0ba1c,X_7
8b36b0ec-cf19-4011-9828-8b4c46dd8da1,T_7
be3f825b-e796-4a91-9386-70baa8b572b0,X_7
bc671198-8163-4bb7-8405-58228f16185d,U_7
439188d1-650e-40ea-b93f-1ad2044d611e,T_7
057f5c52-5b38-41d9-9054-9ebc66f7138f,U_7
8a7a054b-2931-4b0b-b723-69fddd223495,T_7
ea86a47f-6cc9-42d1-b561-7fe3a16e6231,T_7
53daac2e-35ec-420f-aaf3-9054235a929c,U_7
eb604454-bf03-413b-b96f-f8eb75328afc,U_7
c0fa908e-36c9-4de7-a222-8243a6c0b51a,T_7
69d169c5-8c36-4e7c-912c-b9b343e3bde6,T_7
a042995c-19a1-4411-b7ec-c49950bc4936,T_7
140e9a8f-1413-4a52-9ca4-bb8d189a62c5,T_7
82042990-81a1-4c27-8052-4b98b6dd38d1,T_7
c97f3802-7679-41eb-8d2a-8f57c95f0a69,X_7
9a41c809-7f01-4fe4-bde2-06e72cef7439,U_7
a6bc5b16-b612-4ae9-8d98-edb278cbe8a6,T_7
d0a69f21-c53a-4371-9629-6aea88829002,X_7
918dba81-f2c6-4c57-b9fd-5f617f4d685b,S_7
47373787-2fcd-46c9-a3b2-835736ca350b,T_7
42de2c8b-17fa-4512-80c2-f1e9e2c9ba5d,U_7
a4e4be92-f428-4f7d-ae93-a2d3f97bf614,T_7
275adeb8-33fd-43fe-be4b-0da3da6d7214,X_7
08a66b45-00e7-479c-b7d0-4cedbb3abce2,T_7
a8cd094d-aee4-4352-afd3-52ebcbc4d12f,X_7
d1af4bec-66c3-4263-8460-36a69cd27ab8,X_7
3232a6e7-0e1d-47bb-b8eb-d1e22b179084,U_7
5a0dc047-03cb-409c-8904-72c65572a04c,T_7
46c98ba8-de05-443c-8560-bf0ac73f04b1,X_7
8ea77241-7b9b-4b4b-b66d-55af3e577b78,S_7
a2c222ff-4a5a-4824-957e-308fb6665638,X_7
4f44c630-05df-42c8-9205-f97d0b445a6d,S_7
d9d74128-f3f1-4fb1-a020-91bd7a28987a,X_7
efb2b0a2-fc37-4082-a9c8-36e62842a01e,T_7
bb9ac29f-c54e-4436-92a9-6887a68bf4ed,T_7
a2be5ea2-639f-4edf-9ae4-bf68d1a8ccb5,T_7
e573fa1f-c68b-4a85-b817-f0aa83048198,S_7
1081d7ae-88b0-4769-9dc0-5a374c0bf6e0,T_7
ffc746a2-07da-4ca5-bead-b73e6a51bf75,U_7
f113bd3b-869b-4a1f-872e-cc9bc8afa2ed,U_7
615b9d8d-71ab-4377-80f7-97011fff4e33,T_7
14c036f0-25e4-4e17-9b7e-e3eba0b98638,T_7
06d02a38-d363-400c-9fc2-f48037f8954e,U_7
5b4d11f6-6002-45e2-b856-46311461484c,T_7
c2efd99a-8e41-4e17-aa04-2e72893a4b11,U_7
f41c7b93-53ea-46ae-aeb7-4a184d22ea6a,S_7
c8e5aba3-0641-41e7-88fe-d8c59ad381dd,U_7
0ee1db47-238c-4a7c-97d2-76012d95019f,S_7
4e2edf01-73b2-48a0-a5b5-2065696c55e0,X_7
7a5c3002-5c05-4cfb-92a0-4fe4405fcc35,X_7
b37b60c3-42a5-4443-948d-dcf0165dfc99,T_7
1bf21cb2-176a-462b-9977-d7fc27a3e324,S_7
dc6b1eed-cc0f-4076-94bf-426e1e9b1069,S_7
0e1075fc-ed07-4d65-9a7f-7f9278ad9fc3,U_7
98d17f4a-a700-4433-94a0-4c38c09f8e35,U_7
bcaa5924-6008-4b85-aa81-0580baa97e13,U_7
32f2048b-c5f4-4354-b332-f47f0d7d0329,T_7
43237917-7482-48ca-b501-47bc8afcf01d,S_7
bd62b4ad-2941-45e2-a0b2-f37b335b1248,T_7
7f27c589-9f65-4ddb-8066-170f44da87ba,X_7
cc5ebab2-6e25-4589-a183-dcfd8ec96d31,S_7
8de6bff2-3ba0-450f-98f9-b9d643c88bd1,S_7
48221797-0490-45e6-815c-90aef187c3fc,U_7
54dcaa7d-6572-4791-829f-7de5e54e3e7a,S_7
c778c133-a2c5-4c44-ad73-20a831dfb1ff,T_7
57c488eb-b641-4bbd-b1b1-751a7027ada8,T_7
eeb9fd9d-5056-4895-9845-3dbb0871bb4c,T_7
35a2fa03-b5c8-4800-b154-3e2b899b70bc,T_7
ff4b16f6-ebba-464a-aae2-17c724bfe53c,T_7
cbbd2751-5339-4ea1-a5b7-bd8d4ca6037c,T_7
8a25b44b-4b11-4b00-8630-e760cdd2ed98,U_7
1330c3aa-7001-472c-90db-6c42539a3638,T_7
e3fd7243-01ae-4190-a5a5-5b97738f9989,T_7
30728f2c-044e-4890-bbeb-b8987199a7c2,U_7
6c3db64e-541e-4634-ad04-8dfb2df7d8a6,T_7
e594dbf6-ce5e-4a2a-8cf5-8420a222944e,U_7
9632003c-a49c-4b21-bb53-8852810a6016,T_7
d69f8eca-d539-4883-98e5-203d36881833,S_7
3d65d1dc-f88d-470b-9624-d17a0bd7fbea,U_7
c0a6bc17-bb5b-4c99-a218-1d039cb78a5c,U_7
eb0cd602-c7e6-4e68-9469-50ca24cd056e,U_7
97863d09-3181-4010-aae8-eb9a2003655f,X_7
329e8485-412c-4bbe-a651-e448530056ec,T_7
9bce0fa1-7ab4-4bab-8545-c6d1fab5f700,T_7
4729c169-6f0a-43f8-b3dd-dff4eb4d9ec4,S_7
838e904f-12d5-4186-89b6-97755accb8de,S_7
21883701-ff06-4a22-8067-47a653172a0c,X_7
f3b8f89a-c066-4a5d-98d0-ccd9ea947a1e,T_7
cb9e05b1-ef0a-4b69-a1ab-316c924f2868,S_7
48640a3f-97f6-4759-ba1c-899364d9cf4b,T_7
9266f6fa-fd53-4ca3-9f6b-2f3425045943,T_7
8f6bc7d4-32f6-4e9a-9ef2-5edacfdd94f3,S_7
84fd714f-24d0-4741-8af7-b8000cd79e9e,X_7
11fd1ae4-db0a-4ab7-8679-d53b9375e03a,T_7
13e4af34-8e0e-4b57-b2e8-e69704afebbe,S_7
5dafd177-06a4-410d-9ebc-9f9395223209,T_7
8485ea42-7b2a-4fd2-8e62-d9e67544f002,T_7
53ecc08f-ad34-4704-9061-de815cdb6e87,U_7
6dc541b2-86d4-44a4-b1a7-82d164f08deb,T_7
de8c602b-e613-4262-9876-a1a908724fdd,T_7
a6a3af46-6303-42b1-ada0-174030798c3a,X_7
7fb4cc5c-ac01-4a43-ac38-7f8b21f21054,T_7
56faff99-8087-4b3b-80f0-7135607ede2f,T_7
94c819ae-cb97-4554-bed2-c725abe8e086,T_7
f2323fbd-307e-4992-901d-1f7b4f0aad32,U_7
78bea47d-d274-4e44-a186-ce16d8c8d12b,U_7
4ce63fbc-22b6-4a4c-a75f-537cf6ba3b9b,U_7
497739ee-51e7-4f06-9152-d622df1e373a,U_7
dc7d065d-d137-4947-9945-f96fbe2afe68,U_7
44aa8bdf-cc6a-417b-a92c-ef9bbc895973,T_7
9c69cb00-ce9e-4590-95d8-43c5db326de5,S_7
4fce4a12-294d-409e-848f-1cbb58b9adde,U_7
139da510-d3cd-4e7c-9353-7021b54cf2d4,T_7
8330c868-8544-4794-8165-afd637456f15,T_7
26070857-fd16-4e56-beab-f8c0c9264218,T_7
8a211f74-687f-4479-b6ac-ad6cb4b85025,T_7
f5ead8d0-a13f-48e6-ace6-1dc9f8776311,T_7
6b84edf0-2c9b-4d6e-8571-d01d6acf186e,T_7
41f98830-57ef-48b7-90f7-7af4dcbd1093,T_7
6a6c41af-c2cf-48e1-bc32-675d11503575,S_7
6a201fa5-79ba-4d0d-adaf-845b62374e7a,T_7
dbea5b95-15e6-4730-a21c-5506725f52a6,U_7
b241f7bd-1559-44db-89f2-ff3e359790db,S_7
038c0dcc-62e2-49cf-8ba6-c0c71bc62f8b,X_7
0894aeba-f142-447a-b618-c7a962e9bb63,X_7
3ade7968-309f-43a8-86b6-534765f59371,X_7
bcfa6048-a914-4d21-9d69-22d78ca61aa6,U_7
1adff30a-8f30-4944-a822-816136cdbab2,T_7
62b8ebe8-e35b-4a91-a89c-af602afdd680,U_7
c8c908c1-6362-400a-8dc5-b7ba85882e1c,S_7
fa6c40aa-8934-4bb7-a8c5-1fa92f313557,U_7
433bb9ae-0e63-456c-8356-086a1ddc916b,X_7
3451e44c-43ed-4c52-9831-9bb55b421189,U_7
6cba5ed3-25ba-4c6a-9f3a-cd142c37aa79,T_7
2cf3abbf-24ea-46a7-afee-faca0fc9e077,T_7
fde86fb3-c24d-4331-8646-384230a4ef33,S_7
ac73b8dd-96f5-4e28-b13d-9fab012d6456,T_7
21f7cf3e-55f6-4858-aa3b-505dff0149ee,U_7
b366b925-53e7-432b-a644-f70b163ccac6,X_7
027097dc-f575-4f60-a051-a39385a3c80e,T_7
10554395-513c-44d7-a2e1-da821af5b75c,T_7
341f68c7-5232-4138-b5f1-c3237bbf1d3a,U_7
6d36cfff-8e6f-406f-99cb-2e1875a3ae78,T_7
b8b001cd-5486-4243-b0cc-ea6248b58aa6,T_7
372ff954-0b23-4f5d-b450-abe4f55a03f3,S_7
76fe64e1-d507-46c6-9a75-d60588811df9,U_7
282aa9bf-dba3-4156-993c-598889674103,X_7
01ba4e53-2206-45aa-9234-e6e5ed4d1d86,X_7
42ad467c-d7ff-4d32-becd-466a57ac98f6,U_7
84e4d986-911f-487b-ab0e-9737c1fe131f,S_7
ef068be3-7c2f-4898-ac05-0c5e2e769395,T_7
9183b306-c8f1-4f2a-a74d-f3f7e5dd12b0,S_7
3ec06dc8-a95c-416b-822c-442de85fd646,T_7
5e237f01-bc3f-46b8-9869-c68c0bc50e67,T_7
07612cdb-d728-4cf7-9982-b395c0d96f0f,X_7
f1784fae-cccf-48f7-8eb3-993d790de65c,S_7
74d5d394-0dc4-48a4-9e13-5d3ba04e10a0,S_7
b712feeb-2c40-4574-8130-7007b6a59ff2,U_7
ada71da3-bf71-4aa9-a819-40b146c1918b,T_7
79009fd1-7246-4eff-93c1-be4a7ef244e5,T_7
670d4e3c-1e37-4a99-8c74-c05d57ca2874,S_7
d0165187-4697-419c-9c2a-2efba49e6ba1,S_7
8e5a9cdd-7ad0-47a2-b2c4-35ffde93e177,S_7
89a842f5-6e9c-4084-ad58-6351ddcdb651,S_7
29aa90bf-6ee9-4706-bccd-409ca638526c,S_7
4c8fb3b1-9283-4bab-96d7-140136825aeb,X_7
3dbeeadd-82a6-4209-9f8b-273bb385fcd3,T_7
20a4804f-bb9a-4222-b136-fa4b25027716,T_7
e38722ce-f7a7-4101-832b-924a9127a0e4,T_7
4cf09bfa-cb14-4386-8a6b-a2b0bd0a43aa,X_7
e02d175a-14aa-40ae-844c-024d54a371e5,Z_10
1c446215-1a53-4319-a1d1-6dda531e51d1,T_7
1a5ecf12-7668-452f-b763-3e187efd2034,T_7
aebbd784-41a3-4233-aba3-76b4e3a6caac,U_7
be6f5527-f9a3-4d88-91ba-392b95af1fa6,X_7
d10b7b17-9dc4-407b-b567-dbd0cd60c252,U_7
223b2cc5-c7be-4434-9964-5026b32c6780,T_7
4d816ba1-df2e-48ad-8300-95684d2c2609,T_7
c86597e6-ce1b-4fc5-a145-f83677f999be,U_7
2e48f91d-1ce1-4c1d-9a0b-ee78d0808145,T_7
077e9ab9-6fb4-4066-86b2-b3cc53d46a9d,X_7
e07e286d-a398-49f2-918c-2cffde8fa61c,T_7
2880a90d-94c5-4ce5-ae84-10c89de9ab0f,T_7
cc68c8df-b3b7-4576-9336-f83a38a3b596,X_7
37d67131-bb24-4904-9e73-90086089280c,U_7
468e3390-64c7-4a39-81f6-75df170d627b,S_7
041a2a9e-5680-44f1-918d-ed56e5413683,T_7
31b59626-18de-413a-92e0-c7fefbbdfeb4,S_7
147fca2e-f93d-483f-99fc-a60449f8b972,X_7
fcf330a9-b776-4d03-9eff-7af94031d103,U_7
482482f7-00ec-46f8-a2a4-1448ef29aa01,U_7
3e4f5b35-eb88-457d-847c-6371bcfbe14c,S_7
122180f0-2ad1-40a3-8d59-b65cf04eb624,T_7
12d72458-aa9d-4ccc-99d9-89d9d31bad15,U_7
220df3b1-e55c-4607-ba76-f9578d25559f,T_7
f2b95635-2b1a-4e5c-8d9d-8b901a13c63a,X_7
7399dfc5-f516-4db9-998f-54f4c42d07c7,T_7
d259c1f0-b409-4c09-9519-46a8621d272d,X_7
cb95fd57-4e6c-4c3f-93fd-5a2bfbc5d9f7,X_7
7d4c420e-5c10-482e-bfb4-38a4644c9892,X_7
3647b7e7-b844-4c21-8740-a337665b22f9,X_7
fc1a9c38-455d-423e-9113-7ad404cd006e,T_7
6c3bd9c1-cd60-4380-bb2a-87aa5807f95d,X_7
ef49356a-424a-4b20-810a-90a4473b4987,U_7
658b256b-ca7f-4719-92da-871e18cd9238,U_7
81aeacc6-5432-4b54-b384-32112b3af002,U_7
027983bf-37e0-4b3a-a2ef-843c3687f083,X_7
31ac0d28-5c03-4c41-8f96-eae428fc26dc,T_7
6539040c-e3aa-4c21-8905-09a2be882387,S_7
5c32b6c0-100c-4842-a2c0-f0d88adaa63e,T_7
b69989ec-2126-4c99-b809-4a3bd59d1060,T_7
f210cf90-779f-4908-a365-781d8f997836,Z_10
5c1848d9-9f37-4800-8fb4-dd5aa658b220,S_7
1d8cc0d6-5801-480e-9795-28e7927d4a68,T_7
fee04518-5be7-4bf1-8397-cd53d9aaae47,S_7
66caa804-3b49-45ec-b1ca-453cff6bc827,U_7
30000235-7892-4d16-8ecc-f3e93bc9e1cd,U_7
da3b4193-7895-413a-9525-64fe414d793b,X_7
28ac4eb8-6449-410a-a3f6-e29eb14a45b4,U_7
43b4d4bb-29a4-45bc-88f7-955ce3a096a9,S_7
d3affb94-daa1-413e-bcfc-ba79b733c0ae,S_7
9f8ed078-fb72-4a4e-90a4-624ba2fbed46,X_7
d865c5f9-931d-4a9a-97e8-8396df44a93e,T_7
f429e7a0-6bec-441a-afe3-72a63cb7d73c,T_7
e3d796dd-dc81-42f1-8c9f-bb56f26600a6,X_7
6c165efc-9289-4f60-a18d-5e21f6ee9d4c,T_7
d40756b1-90dc-4866-9e5b-f5d27d92e084,S_7
c420391d-6023-4705-9280-25cbcddd5760,U_7
c05629c4-dca2-4d21-94cf-ca4629a4593c,X_7
9466fd1a-f097-497b-bc53-aa49953dadf1,T_7
c3b66485-d3ae-410e-9d12-2d80ba07db67,T_7
b4ba81a7-f504-4744-b07d-6c917c4704ff,S_7
c814159a-f734-4a9a-a58d-ce1c52b58d8f,T_7
c917ff7a-8d48-48e1-8cd7-bdf60b653aba,S_7
b0d66ae0-7934-4545-a14c-7d99c7b172b8,T_7
2c1b49a9-aa3c-47e9-9594-eea56d9ee023,U_7
3ecd675b-2c2a-4a84-b427-48ca0b9d1556,T_7
b38fc89d-8add-4e68-b8c4-372525beff62,S_7
ca2e4e58-c842-4397-8038-52376563d0e5,T_7
0a81527a-741b-49ad-8957-d954b0922bf8,S_7
fa110b5f-47bf-4e0b-ab08-10ff7e87dfaa,U_7
b5433127-4084-4448-b8f5-33598da5fc2a,T_7
eb2882bf-4e01-4af5-899f-2a46416114e1,X_7
b21d7744-5b3f-4026-b2cc-ba552b73b77f,U_7
f699aabe-ad43-407b-9311-1378b6d24f06,T_7
096180d3-b135-4eaf-810b-8608152332e6,T_7
1949fa66-595a-4cec-a571-fd96f08bbf5f,T_7
a93ed25c-3352-4b5c-8f65-27966a08f9a3,T_7
4ad9d9ea-2489-406d-a93e-1b4e4bc462ff,S_7
21574554-2e6c-4275-806c-8ffe518a35be,X_7
3bae105f-7262-48d5-a2e8-6c3a612edd5c,T_7
7453daf1-1266-4ec2-adfe-a302661081e3,T_7
2cd4ab7d-9aa1-4360-acf5-d118114bcf59,T_7
c871c801-9623-4c30-913b-48cb2c62ce85,X_7
fb5a7b48-2b57-4590-9bd4-83b7cee87b3c,T_7
7dd254ae-92bd-4b6e-a635-c840e3f86e7b,U_7
6ca0c0a5-5f78-4d1b-8260-8ec2a67bf5b7,S_7
a0c245eb-f5ed-4753-ab81-4ae7e22900eb,S_7
1e75869d-edae-43b6-8edc-82eeca47a7ea,T_7
c24d8bbf-9739-42ba-979f-b655084e2074,T_7
6d96a048-efaa-4313-8661-046c1c4efeb6,X_7
819bb673-cabe-41f9-8c6a-55cf14c2873f,T_7
8a120f20-6e53-410c-be51-7c2e5212a9d8,U_7
0507b301-acec-4b34-bee7-b435c5462844,T_7
19a9b2fd-37ca-40e8-8f8f-d98d1104f979,X_7
ab1aa98b-d211-4131-9a26-fa9aa269c232,X_7
2afb69dd-dfb8-4f65-899f-2f2d5d1d5d60,U_7
3001d2c9-869c-467d-8f4a-16d3816fba53,U_7
c10c908a-3296-4716-9967-334743ee0423,T_7
f6ed2445-c7c3-4ed3-84f9-3342f7b28e9f,T_7
dc13d244-690b-4b54-a23f-a5604645bca9,T_7
beb044b4-c885-4a36-aaa6-d59f72b16d0c,U_7
4e76bb7b-88db-4ef8-bed0-69ddd77166f1,X_7
192a53ee-6a37-4653-ad15-bbdddf2bbf0b,S_7
07b1d7e0-25b7-4652-abc8-6f411cd7e081,X_7
a9065b97-0f0e-4d13-a34d-d0e94451dd1f,T_7
e1ee135d-8b83-4f1d-8f6b-2d76de1cd9fb,T_7
9221a82f-1180-4bce-98b7-6ff1dbad69cd,T_7
8204c8bc-fe04-4867-92e0-3e66794f4008,T_7
df11bda7-9d8c-4681-bf64-f096bea62eca,T_7
796a76b3-9120-4626-8334-ab453e2bd84c,T_7
c0fcbbb0-5fd5-4949-a2eb-29cc50c7c012,T_7
9f263f02-59d9-44ef-86e9-6d2861a1a4ab,X_7
f7a916bf-5e1a-4372-a05f-c498afcaee65,U_7
7b9e3a77-8514-4d1b-9749-17fc54006191,S_7
64cc5ae0-a43c-4bf4-aade-d4d58fe62685,T_7
b657a260-2fba-4ca1-8c27-dc3ff275d2a9,T_7
75196f8e-311d-490c-81e0-9b1b94db11ed,S_7
378d550c-5be4-43af-8c0a-f98bb5a9e1ea,S_7
f198d867-c54e-42ac-8dbc-ab6d3362fdf3,X_7
9793126b-90e0-4859-a5e4-cfe01d20a539,X_7
92ea6955-3a23-49e9-a630-fd70d7bd7b52,U_7
79d91807-cbb1-41ad-b7b4-716fd9190597,T_7
b50bf9dc-6845-4fdc-816e-00bba48a37a8,X_7
87e731d1-4883-48d9-a47d-4e4a7e5b99ec,T_7
15782fb1-66a1-436a-a65f-bb28c51acb74,U_7
5dcda663-4fb1-4cbf-815b-cf24db4ba39e,X_7
bb08371d-c395-45a0-a517-3aa8a48ec6b4,U_7
aced9446-00ca-4656-a262-2475e071cc31,X_7
d98ed13c-11bf-4655-b61a-e2ea03ac6219,X_7
0d0ffbff-8ee0-4922-ae5d-1673e59ee2ec,S_7
a103ffb2-6464-42b4-bae7-6e36ae1b113c,U_7
3ba01d96-bb71-462c-90bf-5db70b893051,T_7
26dd5a6e-d25f-4c45-8b96-4d1c97f4b33c,T_7
d1951feb-5e52-4381-822b-ef9aafd66d5c,T_7
5a68624e-26ea-486b-aeac-c535aee72cdf,U_7
6eb597e9-fe10-4de9-9dea-fa0e5b612624,X_7
c6d724fb-242f-4bad-97e6-7ac85d4a8fb5,S_7
97b7468f-08d7-4dae-a686-cf8d9d91ea8d,T_7
dd8fbe9e-ceeb-4ad5-a900-0713e32f588b,U_7
5775d3fb-a899-4223-8646-e4eace52e92b,S_7
a1064a81-6565-4ba7-ae04-f1284ea7508d,U_7
05d06090-f0b1-49ae-b70d-f2ae019bfec2,T_7
ecc3519e-93be-4f72-8611-496348a1e925,T_7
f427dc16-dc78-44c5-9ec5-88418a40b283,T_7
4eedcc96-86dd-4f3b-8e3d-4a06612ac6bb,S_7
084bdfd0-ebee-471b-981c-86fe44025b03,U_7
d6f9864f-eb66-4bef-8dda-4185df7f98da,S_7
8490b876-9e3e-4c97-a407-62f279b1a0f8,T_7
b5424ea0-38b8-402e-a431-cb05bb076d36,X_7
78f99cb5-8e32-461a-87a5-efff4634873b,T_7
68c62d3b-29dd-41fe-b583-4e7f7ee05b50,X_7
41c4178d-a59d-4586-bbaf-034afc815550,S_7
5e5330ef-cb6e-4a79-855c-645ee21c3ea4,U_7
8bb63723-8ccf-4240-9e8e-793d3de78570,X_7
307e1a77-7e42-435a-9863-c85f086b416e,S_7
25204708-3535-4ea9-93db-dca216e5f102,T_7
ff4c6863-eb18-4049-94b3-711248983593,T_7
6aa45139-bd3b-4f47-bd11-7a2f46f99dcc,U_7
5219b5ef-6e94-476f-9606-4edc9573709d,U_7
b6f312fd-3be5-4ad5-bc58-9051430e1dae,T_7
aff92c93-f2c9-4c1b-9ee0-81c0896f39c5,S_7
0ef785f5-8d9d-49f4-997d-14dd99bb1736,U_7
8951911d-b265-49e7-8c93-aee7839bd3d6,T_7
21e58d98-b49c-4481-8bbb-cf68f42de0cd,X_7
9f92c8e2-00f8-4497-8e04-2a6103b46fb5,T_7
9435c006-9ec1-4d8f-a2a7-691c6369dd97,T_7
2a32c080-ad89-4374-ace5-80cd4b3d74c7,T_7
966ee6bc-bf54-4bfd-829e-2c1b28e6ceb7,S_7
5f0d10ac-f3c9-4c24-8221-31a69289c717,S_7
d2799984-b20b-4906-8a9c-1ac19cea07f6,T_7
abca8bb8-0456-4e54-8133-71f4e4a05b74,T_7
724c99c5-ff14-4d21-8b45-cad3d3aa3a82,T_7
f283d82a-7e36-4946-8a4d-59a9eaadc789,Z_10
a9ee31d2-fcd8-4f7f-8076-dddfd115d3af,U_7
cd6ce194-dc1f-457a-883c-f6ecafb43f27,X_7
d555ec83-13ab-4c4a-ac0f-dc958f60ac2b,T_7
7e8b5d5e-b542-4ca0-89ce-901a48b10a21,S_7
9938fd74-7d39-4843-b519-8cc68215cf5d,Z_10
a3d1127d-f488-4f10-9743-958a097bd264,T_7
c38cc185-137e-4174-8d0e-b855a86f24a0,T_7
d4b4abae-3182-4044-88dd-812aead96827,X_7
fa366092-27f1-4f3d-8d1b-b7df68814753,S_7
032151a2-b241-45a6-809d-675099b139f6,T_7
f47bffa0-076d-4b14-a6ed-2588b6bb906d,T_7
cbde457b-3e99-4fb0-9791-26a27cf2ebac,S_7
9e3d9703-2dba-4efd-9993-2cf00171664e,U_7
288fb4cc-d394-4a1b-a8e9-c53f2e435015,U_7
51317ae1-9faf-4285-a661-3fec2e038574,T_7
c1e2f4fc-9b87-4597-86b7-90af14ee6873,T_7
4951599f-3bde-4e77-8d26-4f86d613e0ef,U_7
19bff3cc-9a3a-4c09-a0d3-68a52782ed2c,T_7
ecd6f592-cdc8-4f7e-b279-56beadeddda9,U_7
20d0c4d7-386d-4900-aae1-53a7fd16e33d,S_7
85191ce3-c18f-4676-9730-08fee565d03a,T_7
c45aa063-d828-46de-85b7-88fddf4bfdcd,Z_10
2dd0e64d-7c3d-465d-8255-2e1bfc09bcc7,X_7
1808b369-8940-4ccf-b706-37b52a30e803,S_7
06db2f6c-cd0c-4eae-be83-037153c03f11,T_7
2bb5fc25-2103-41a3-b4ec-de69692dbc3c,T_7
045bab96-d835-4adf-880e-848c3143a8ff,S_7
9c83a824-f861-4470-8c73-76c29f84e7f5,S_7
680d53f6-6de6-419e-b646-1c75865d51f2,U_7
7dc3a004-34b1-41bc-a9e4-89c5e706d3f8,T_7
41982f6e-4b28-4c29-af31-6b3c9341124b,U_7
b7e8af27-d1d4-40b0-8afd-168fd61d2dfd,U_7
887c2471-dec3-4639-9173-a02648515867,Z_10
f6f35f9e-b197-4316-a620-aa14b858cab1,T_7
adb1e82e-5211-4b3c-a932-c4090e843bf9,T_7
78e754f8-5c5b-451e-8bdb-e458583663ba,S_7
3abf7a15-f822-4cbe-b5ab-0ec780ed0be5,T_7
bae67ad5-e0f4-4817-b2a6-edb78e7bd5c6,U_7
9b87006a-7ec5-4d09-a870-52a4f56d0afa,X_7
aed2a4c0-3be4-49c3-9956-7e472f6e73d6,S_7
0747d100-efa6-4974-96de-7ff2283e30ac,T_7
3850a382-1d5d-40d5-b991-344c851cb666,T_7
03a6c3a8-7934-4d76-8775-c41fdd45f78c,S_7
5eb714d8-a7b1-4858-a7a4-74cad0de11da,S_7
aac8a719-57a9-489d-b2b3-e5276a8a04a1,S_7
1a67119e-1f12-490c-af85-6fd245b20dcf,X_7
1fb74982-77ab-4c12-a3c7-8a4da1f8d4f7,X_7
73884f63-8c02-47e7-893e-27042689d76d,X_7
cde7ff6e-9a0c-48f4-8925-90fdf40e6b02,S_7
5ace3290-e8bb-4b79-8be9-5ddbaecaa898,X_7
cb414a9e-11f1-4166-83c5-53b2b21d9716,T_7
bac91f89-91e6-4237-8c62-ee22db35a8e8,T_7
922c805a-1f74-481d-bdb8-768ffd36d3c3,T_7
4336ab0e-b9dd-4edd-aa57-5f9a7ab4b220,T_7
17370c22-d3b6-4ee7-b48e-eed59d4a633d,U_7
505e37a5-eb1b-4259-a726-5709b400a337,T_7
87be9f74-eb91-487f-b224-af98f8b07300,U_7
5e4b80a8-5306-43e4-85ec-1bc573f9324a,U_7
d68609bf-81a4-444e-9cde-bb7cebc0537d,U_7
483834b8-22cf-4c71-b3a7-32942275cb69,U_7
fcf3950c-9f73-4a75-b970-0db599bc4160,T_7
fb8936b5-2a0f-4b98-88f5-363bb52bbc5c,U_7
7665daeb-8686-4726-8421-dbaac960b193,S_7
f184358c-ccb5-4fb3-8011-51feea069507,S_7
1b43f924-db0d-4a1d-b8c6-724c04fc79ad,T_7
c60725b5-f60c-4134-bffe-d0ffa7ace9f2,T_7
2f0aed50-4ae9-4e51-a8be-1cffb57c87de,X_7
a97bffee-f410-4aef-8c75-603bbd84b15e,T_7
54c631cd-5f8b-4843-ae7b-3627a4f0f90a,S_7
cec1e10f-a44c-4308-b8c8-617c39037246,S_8
a2b4e114-ae94-4d7c-a147-aad2d96ee203,S_8
94bd9779-756b-4b8e-9df8-b11be4c6e153,T_7
a38ad5f0-01f8-4558-88a1-21371f5c2217,V_8
b79874b9-0ea1-403e-a49a-b068d1fcba7a,U_8
f76f406f-bfb3-4229-b177-b622973b77ea,Z_10
8729d35a-5bb6-414e-b1be-9f4057124c4d,Z_9
a0f7bfe9-8a16-4145-9ee9-6241c4dfa0bd,Z_9
4da06ddc-f393-474e-9f39-f2c11060daed,Z_9
646b772d-18ec-448f-bb8f-fc5d40a51024,Z_9
aa20579d-3c4a-4556-abf5-ed7075e159ef,Z_9
e88746dd-af4b-449b-8ec5-c0d3023c668e,W_7
940f5a5d-cf0c-4841-9b10-0a4cb876baad,X_8
d2cd8762-fd71-467a-9dab-6e6eaa77bdbd,X_8
aa052398-9a90-4fa2-a36b-00f90a3e2247,X_7
6468dd54-e50b-4bc7-b142-e01e6274ed4e,S_8
62bfddf2-2410-41a2-ac51-55114963d094,Z_10
6fe3ea00-6677-47c0-93fb-8033c5337702,Z_10
ae40a63c-87de-42fd-8963-560576a7d531,Z_9
2b28f373-9d55-43d7-bf02-5ea56d192bd7,U_8
a6ebccac-991a-43ba-b48b-3e497883d1c2,X_8
4f34663a-00d4-41fe-8fb6-425ca4e551f8,W_8
fef5a3ad-ff67-4322-9a43-bc6e2abc3171,S_8
96241284-e10a-43af-a9b2-7097367055a9,T_8
488ed348-40d4-4082-bd35-b9a67b867e93,T_8
c7cb2c63-c5ef-4cfd-9d9c-c7b5aa69155d,Z_10
6ab9f853-b0a5-4bea-8b4c-cc79f37397b1,V_7
5c363d17-d630-4742-bc43-66fe44139ec2,S_8
946ed945-7db4-4781-aed4-03a1eda7e8b9,U_7
45cc288e-689c-4c1d-997b-f15ae3f7a7ed,V_8
a22fd2e8-3c1e-4ccb-9ff7-fed54c0e6635,V_8
069528c5-500a-418c-b274-71856569adcb,W_7
1c1d05a2-658a-4e8e-9863-8d26a14571d4,W_8
e92cd8fa-15b7-4a63-a294-a77d516a15ef,Y_8
d9afe92c-93ee-489c-b50d-99ad94c67aed,Y_8
ae29d43e-8243-4e23-8ef1-2a6b336e047d,T_7
9313bed2-2736-4d6a-b96a-047d707a5bfd,Z_10
f909d841-f231-414e-9621-cee8a5996551,Z_9
bbda31c8-9156-45be-8edb-6edbe193604e,Z_10
677ccb3c-48f6-4d4f-b38f-7aa6e65be01e,Y_8
b48c6e47-347a-4ff7-98a0-ee92a95bb839,Z_10
7ec76ae8-da25-4d56-8a8c-81166bc7e795,Z_10
4f997e69-da69-4d89-b751-a7c8e8959497,Z_10
c2eab293-ecab-4273-803d-309e9c20f4ba,Z_10
a92e5fe7-c137-40f4-a369-7a043cfca779,S_8
c40c3301-dc2b-4164-abc0-8ea87e601587,S_8
772423d0-a203-460b-aedf-a9993e9076c8,T_7
cb153d85-5766-42fb-bb32-add97d4536c0,T_7
73cff795-083d-4f11-9af0-0c3d19434728,X_7
b9792201-470a-48c2-9fc4-781e53228e48,X_7
0e65162a-366f-4611-8582-ea8bb093d93c,T_7
db6f7020-dbff-40cd-82e4-1eb57ea67501,S_7
7a527234-8311-4b67-b81a-6876186af3a7,S_7
3498d22b-e571-4a4e-81a3-a94c96f11c28,S_7
021d3831-faf2-482b-9c1b-94c09f46f705,S_7
8d82086e-852d-448e-8266-07bda0f6eddc,S_7
5a2f860d-6de1-4570-a6d2-c1db5eca7cae,S_7
698cb63e-8951-4a47-8692-b8cf5d9b7431,T_7
c63ad1e1-9d95-43b1-ba77-cc9156c2b1f8,T_7
8eeef8d0-73e3-4961-84ab-95436d88eff2,U_7
89d45196-8537-44de-be22-e928e324f102,S_7
1e52782e-5ddd-457b-853c-f3ade6a87f81,T_7
0fa05597-5de2-4bc8-a7cb-0db0fc1bdeec,T_7
f18dcc6b-24d4-48b2-b81b-57d75dbcffd3,T_7
b11eb4b1-6816-4a63-bdeb-22df38d3ca9b,T_7
fee5aebf-6cab-4230-bbf8-19fb8aa398c4,U_7
4ca7da77-5f56-4917-8a34-d07c632c5cfb,U_7
b2bce3c5-ec7d-4ecb-aeff-48846841c825,T_7
4386db2f-e1af-47f7-a6d2-3fc807fce6e5,U_7
a74b0c25-b50c-4194-8a14-20c6ed54011f,U_7
e956f38a-99f3-43cc-a6bf-6720d0f948b5,U_7
0e3ab667-afa0-433f-9460-e564b3f97914,S_7
ff3cb4dd-c712-44ea-8b85-899a91f79921,S_7
b7d21197-6e40-4e43-94a5-ac43c496aa18,T_7
593aef83-cb5e-4213-a987-77d5f1345aaf,Z_10
5d624ff6-6a4d-47a0-9202-d531c556e044,S_8
26844efb-8fa4-42a9-8322-1088e6049206,S_8
49175c1b-ea1b-4b83-b5fd-d9c5f1eabb60,T_7
8ed42d10-a1bb-4da2-a46a-d9502b614173,X_8
f6b94711-0db4-48bd-b808-120518dd2fef,Z_9
2b77fdf8-d2f2-4199-98f8-95013ddf2cc9,X_8
76b51fc0-3edf-473a-a49c-fd755d220105,Z_10
05bb5c46-ebcd-4ba4-b969-eea4703bc265,V_7
d6a7af3f-728f-45a3-b498-e355ea3f9337,U_8
0fccc624-45b5-45f7-a6cd-c1181f8ba304,V_7
72eeb666-f523-4fe2-b88c-18004fa3801a,V_7
7d7ff307-2a31-451f-8d9f-2a3094216d93,Z_10
eb5cac47-c7eb-4d44-8fce-4ee150fac5f2,Z_10
776a8885-4a5d-4d71-b5dc-db82a6d39e0b,Z_10
fac0f554-bb16-49d4-bc60-f92bb73e8224,Z_10
f5368ddf-3b75-461d-991f-1902224342ad,Z_9
3a150835-1e88-45b2-9945-07d731203d5c,Z_9
c0d43234-4737-48f9-9744-103fffc0624a,U_8
74dc4168-d86b-4b64-8bf2-fa48f07e520e,Z_9
d0e90c8a-8453-45e6-b852-294b781bb3a6,Z_10
97337fe8-c35b-4d80-9bba-ae46bf3105bf,Z_10
ae4a8051-8941-43c1-b530-25b8be473015,X_8
f2e9e1b7-baf4-42a1-8958-441dfd3fc719,W_8
6c92e318-4f97-4bb0-b516-bdb1cf915d7b,Z_9
433fa6fe-e6f3-4491-b7ee-5c9b5d885a11,Z_10
74cc38d7-38a5-4552-8748-3e0f99c5b432,X_8
7d9351be-e06d-4093-a467-def44e8e2874,Z_9
fc12e0ce-61c9-48e1-8b6c-0f4245609f35,S_8
50cd2b5f-40a6-4532-a8cd-db8f0269c055,Z_10
7375c586-9943-44b7-a9a8-87856d23b474,S_8
ac1cc6ba-7cbc-4004-a105-6d1c90c17082,Z_10
6c312256-0780-480f-b2db-c4aeb73cf3d7,Z_10
87a46e42-f1a6-4f4a-b746-51d513570b20,Z_9
5f820be8-50f5-438a-a5a5-ed1db7aacf96,Z_9
caf5ee75-867a-4544-9240-c87971d0d2fa,V_7
64c64339-2d88-4d19-9d75-f065427133f8,V_7
526d47c4-8b46-46db-9a9e-9a25551ed430,S_8
8a6662a1-bc46-4bba-8448-0e40e64af8c0,S_8
a836f053-9ca5-42b5-9f08-5faaa67b03e8,W_7
0fca4b12-cbfc-4c5b-8f44-c1814ea0cd94,Z_10
31b8c166-3085-4087-88ae-a5b6a6d9be8e,Z_10
6aab58d6-66d3-4bfe-9855-70f54ce576ce,Z_10
6540b4b2-a309-4f87-89ec-b3767674d579,Y_8
30a12392-2690-4474-b2e5-1b2a482ca1c7,Z_10
3f5350fe-83ca-4b47-a3f8-2a6995d204f5,Z_10
82d3b5b6-0d86-407f-a89c-e41859699525,Z_10
5d4703d9-4581-4358-bd57-ff51cd7dad97,Z_10
0bb72574-992e-4bad-8901-2e69b216e4a0,S_8
e54a3b6b-f424-4b44-b9a6-90c4de000861,Z_10
5397eac5-38b4-40bc-b3cb-b0f9f0cc1591,S_8
b972b383-4c8c-4add-8b38-3ad154942fca,S_8
fbdbbc91-be06-4706-9815-55dffc8db7bf,S_8
02b5e9d2-e1fe-4c46-99cc-09e30e6aaa9a,S_8
3f2be6e3-aaae-48ed-81e2-a8354d4596c4,S_8
6fac2734-89e3-4636-b20f-f8996bbca892,S_8
c90faf8a-af85-40eb-b266-335d42a76514,S_8
3040bdaa-4e58-400e-af05-70b901693c5a,S_8
8991200f-7bf1-47e7-b26d-6e83db3ebc63,S_8
c0c3f5e8-729c-419d-9348-6e7a8bb0b7c5,S_8
89b7db1a-514f-4949-8a6d-87f0374a1400,S_8
f2a93433-ebd8-40de-9bc8-75a3d00d942b,S_8
60ff7b9a-318c-4ad0-98ea-beb0ab41a1b2,S_8
8b33010e-882f-49b0-930d-0bf5fecb08fd,S_8
cfa9fdc9-7eaf-4fc6-a589-8cd05aba481c,S_8
7b527d46-6a48-4ac6-9016-959096325035,S_8
f0edb39b-09be-4762-9a20-6a4312d66291,S_8
700c4803-4071-4587-b894-6b533eb05e98,S_8
7eba8266-d6a8-45c1-bef4-4f3e90549551,S_8
029cd780-82f4-40eb-a926-15ab8da93189,S_8
16dce2f3-21e0-4755-9a88-9befa38058a1,S_8
89c7100c-e297-4929-bede-c9d8fbc75b62,S_8
582be191-22f5-4292-a6cf-d555ead9165c,S_8
1bc92694-1c03-4397-91f1-a1a12339008f,S_8
f2cdf38c-0c3e-415e-bcf8-c14a04e5381b,S_8
bd6dd278-d002-483a-9010-d182c154c9e3,S_8
7e1dead7-cba1-4864-8b0c-c5c40bebc0e5,S_8
336dc352-6eaa-4616-afff-352c84000a24,S_8
5110f90d-c7ee-4b5d-8efa-6a062d7dd907,S_8
9ad9b8b2-8900-4129-9f58-6d4da8faa271,S_8
3f68cacc-8886-4a7a-98a6-03b56fcf2626,S_8
47c397dd-7ed1-438f-8350-de59f085387a,S_8
8a25fe0a-e7a5-4b2c-ac39-22eec6c103fe,S_8
709e0e86-416a-4ce1-aeaa-ae2935a0e2c9,T_8
6610927a-4cff-4c17-a884-70d2ad21abd8,S_8
fe2530df-4049-4346-896d-659c6eb9d69e,T_8
5a07c617-f124-48d9-a69a-6d91443c13f4,S_8
61c25ce7-ba07-42fd-9e1b-910b3bea8a49,T_8
a30d08f9-f0ef-4082-956a-7b9ccc865fb8,S_8
ef83ee58-5842-4552-855f-899d165e0c1e,S_8
1c5b8db3-fa6e-4093-ab90-67cbd17d39ea,S_8
4915a797-92d5-4aa1-8689-ede45816686d,S_8
30860258-5e52-438e-b228-de3b57ba7496,S_8
8265b413-9510-4ad5-b1cd-cf34d3950545,T_8
d0caf44c-4a51-43a9-9f87-fc57365a09cf,S_8
3b99c95b-ad51-4027-803b-763eabd6c903,T_8
dc8ef4a4-f67b-4088-b03e-eace751bd68b,T_8
088930fa-1e1b-478c-8e28-e9e667332c15,S_8
739608bc-3209-47ed-b157-0b30b117aa1b,T_8
303a221b-91cb-4a99-931a-912923457fe2,T_8
ab5889b1-c75d-4338-8d8c-331cbfa6bfca,T_8
36da30a2-541c-42af-96d3-1a7d06d4d2cf,S_8
71e3279b-5d0c-46f2-aa4c-e14c73608236,S_8
4616d2dc-f3f4-4852-89a4-0e6402b86c34,S_8
a99a9f2f-d9e0-4903-9ae5-626fefe04c89,S_8
03cf666c-a627-4934-b58a-a4462458d160,S_8
49185609-0808-4e29-a434-2d049eef3109,S_8
ba80d91b-cd30-48d5-83f6-8236ab551494,T_8
91527648-b54d-4d5f-9fd2-35f18019edde,T_8
6179b148-30d2-4851-8266-62a35e6d1fae,T_8
8c723006-e6e9-4d9f-a430-9a3157bf90d3,S_8
b25632c2-c109-4b09-b12d-accb33734318,S_8
a2b8ea51-f446-41ff-9664-5377646fa973,S_8
07dbad5c-50f7-40ea-bf13-32909e3b695a,T_8
e0c6d708-0d22-4386-a357-65d6a2adee82,T_8
3becc370-13f2-4343-a965-f81a71bd43ad,S_8
ea8c18b8-393f-44fb-91e0-ce99c7633e33,S_8
b40cefeb-09f4-4f42-99b9-d7a53e891e91,S_8
e0fa14f3-8843-4f59-b2b6-4fb679c5c52f,T_8
730a19cd-9399-498f-9110-8d39455f9dd8,S_8
312c0575-c546-4683-98a9-45b9a61a5551,T_8
d17b81bd-011a-4af6-a992-adfda6664b42,T_8
d21f889b-ca9a-4756-8f48-65c415254d54,T_8
f046049a-c986-42ac-8fd8-5dc63ed5b537,S_8
ea6265d6-dc32-4b10-b6d2-d7ff7183ab43,T_8
4cc4be1f-630a-4007-83ee-f0102d5fc1f9,T_8
2bec833e-0561-452a-991d-1879062567cc,S_8
209aa307-8d5c-43a8-9d5c-a6c9f81c9588,T_8
2e5c15aa-e5a3-4aa0-9bd6-548b54f64854,S_8
a1c3dde5-ec9a-4ad7-b634-73e4d3165c3c,S_8
e135350c-db88-4b45-9941-a8de6d8b50db,T_8
6ff49e65-dcd8-42a8-bd21-0df774c7dfab,T_8
c886c0db-6f8b-417f-b7aa-c66bfcc62840,T_8
b04b5a79-3770-435d-bcf9-98e661424b03,S_8
aaef1ebb-a149-4d3d-adec-0691cf4cc010,T_8
5c32ee03-c431-422c-8c6b-2f6acebcddb2,T_8
0203d432-720a-4140-91d8-1769e1fdda8f,T_8
c9b8ad0b-e8f3-4eff-b85a-706ac8538c71,T_8
1c9adaca-2678-43d7-998b-0adbf400bfe7,T_8
0bd097a1-4ca1-448e-877a-bb41de2a4139,T_8
82f3f36b-514b-475f-8215-2dc465eaafc3,S_8
704aec65-25ed-4fcb-abbb-67bb60ca96cf,U_8
cf82c571-a5ed-4dfa-8692-08483fd9b4fc,T_8
29d276c2-5ae8-44a1-a740-6c1c83495cd9,T_8
6548bee9-9958-4a0b-bb95-bddd52fcff65,T_8
763e7962-3f3b-4dc6-8249-a44afe1579d9,U_8
f03834f2-59dc-4718-900e-763a13035d7d,T_8
db32889c-ae00-4eab-afae-d1f6b0626534,U_8
1219a7ae-2e9e-4679-8c85-b85b1b670567,U_8
c860d76e-af27-46d3-a39a-b4c771d0cd66,T_8
d4e72637-42ef-488a-b95a-dc6b9fb6d0db,U_8
d05fc40e-2a93-4b2d-b5d1-0b95d9107242,U_8
b485bc97-7fc9-4dea-b178-56451a87287f,U_8
f2db0069-4628-44fa-8746-4fd1e1320edf,T_8
4d3c4169-3215-4bea-8040-028f67bd444c,U_8
ee50a2a6-17a4-40b2-9365-48b2aebb0779,T_8
5b8e28c0-1083-44f0-b83b-b271d880cccf,U_8
d273078c-b1bd-4449-ba8a-cb185dfa0feb,U_8
91e2406b-5c1b-4140-b0d7-1a401f75513c,U_8
dbb84517-c0eb-4bd0-b5bf-4c945e88b1fc,T_8
a46b3162-e898-4aff-9c77-a462d1225a99,U_8
8b396e3c-65ca-41b2-8eb3-9d00e04f20dd,U_8
13784a8d-cf2e-4f22-af50-f113d09399a8,U_8
2bf52b6e-a9af-4edb-b841-6e33b4de5828,U_8
783421be-dc3a-48f9-b155-69f8600e76cd,T_8
f252c898-db96-4373-b9b3-4512df81e370,U_8
07e21424-e953-4ee6-ac54-99c217cc90d5,U_8
8b6c71cf-17a6-4871-ac8c-db754e0a87fe,U_8
29ee74cb-e561-41e7-8b58-3becdc718d12,T_8
7616c1ea-e728-4fb4-bbdd-31db0cb34318,U_8
77c928aa-e87b-47c6-8447-e7bc04fcecea,T_8
56bff690-aa5e-417e-a82e-7d2a507275e9,U_8
1ea417ec-cf03-46cc-ac4c-9113e5516af5,U_8
7686f691-c145-4233-b7d0-93d8fb973884,U_8
34cb5644-23d1-471f-971c-bcd8c10bdd42,T_8
6f6f76df-340e-4eeb-a51e-5b087d1315d9,U_8
b6e8d436-67ea-43ca-b556-7ac20e9cd636,T_8
d8654531-246b-4a6f-a278-154df1035de2,U_8
97adf366-1aca-43d6-9b49-981d5ad28460,U_8
f459f9ad-9313-4261-8660-5a9ff5a51bbf,U_8
101cbbf1-98ec-4d12-8e71-a871d2d6eedf,U_8
0fa8b960-919a-4bf7-963b-1d8c1fd8c2b2,T_8
660ef63c-01d7-45fe-b3ba-e74865408f23,T_8
566d6e44-82d2-4322-b40b-37e39f443232,U_8
cc8a46db-627d-47f1-9959-b37c00042be1,U_8
8c560604-b791-4d20-9760-75dc6bdfac35,U_8
59d90f55-cd26-456e-92fd-4bd5ead9706e,U_8
2b7658a7-dcce-422b-a273-6b64ad498a60,U_8
0deebee4-6aeb-4a5d-8cf4-26d721bc04c5,U_8
12828412-2a58-4415-b57f-8f9ecfa007f2,U_8
4bc22bd2-22cf-424a-ba25-e7faed8fb630,U_8
f15dcd40-7d24-4504-969c-67b2511548d6,U_8
f1409839-5082-4811-93d7-a7d793d426db,T_8
87ee5dcb-79d9-4a95-b88b-e288ed06c6d7,U_8
e8b7d2a3-5b59-4864-b81d-f426f5271422,U_8
76ad0e8a-e03f-4077-9778-b72fa2384150,U_8
76c65480-33d6-46b0-8387-fbb822375a8c,U_8
ac3d6aa2-266a-411f-b2e8-f6accf3f3fcc,U_8
61659e9a-cda3-49d0-aca3-78712e668306,U_8
c8c0d98d-5c4f-44d5-96ac-1464cbc4cec6,U_8
44c28854-75bf-4ed2-bdcb-06b7cf81afbc,U_8
c5e2f6c9-4512-4a79-8304-f71af888fe71,U_8
d1b38a72-6f69-4df3-8090-c51948f118ee,U_8
240400ec-2630-4a8c-ad00-ecd7cf592a4d,U_8
d3ba50eb-df22-47b7-9df3-44ad3239f66c,U_8
d29d762a-cc01-489f-b9bb-68e324894c32,U_8
f167ce60-41a9-4ebb-be4b-1e841e6a36c5,U_8
d62e4a7e-2d75-454a-9520-0e56d3b85a80,U_8
f8cc61d3-3e8e-4e59-89b1-d82ef9228267,V_7
544577b0-f75c-4c74-8a20-df43ee56dcdc,U_8
5acd3d51-e1f5-4aa4-89ac-1b16068fecb5,U_8
d9102c7b-b698-48f2-bfbb-9b1c26ef2e6f,U_8
ec732193-ce60-4999-8950-0950c15ada59,U_8
251c328c-6c22-4b67-b3f5-d32f7ff1978e,U_8
dad34c3c-dbe0-41be-bac6-2a95bb7ce106,U_8
8b0feba3-8d14-4da0-9d62-4d0b814064b5,U_8
b99f16bf-b2e1-45e1-ada2-32968382e893,U_8
ffef4db4-7fb4-411c-a013-c4c8b2c348dc,U_8
f72aeb59-44ab-4c56-bef9-7940aeba8295,U_8
f23354b2-525d-4336-bffd-fcffad0cbc0e,U_8
20c40c2b-7cdc-4e0d-9bfb-c571d633dd31,U_8
22b43be6-036e-4651-8a8c-210d28781bc5,V_7
50348732-a428-49d4-b1fe-95290bb0052d,U_8
32529793-87e9-43e8-a2bb-b79d4e663e53,U_8
b0d3e5ca-70f7-4201-a3fd-92f402a0cecd,V_7
b226a487-5937-438c-b9e6-5ec9b563b0ae,U_8
08cc5fd3-203f-40c1-a65c-e90f815ffc00,U_8
13747aa8-9cfa-4459-8528-266946695c80,U_8
6b5a73ba-bf12-457c-8a1b-2ae1e61fde25,U_8
527113a8-14b5-4f43-a460-4ba4fb48c865,V_7
c46a3a01-b395-4159-a04a-9727bbfe5861,U_8
35455586-9b1a-40ac-9bcf-807dc538ff21,U_8
4974f188-df4f-4d83-bab4-1ceb160a5142,U_8
a4c79ae7-5816-4e6f-8356-302534d9629e,U_8
d8c6ea22-dabf-426c-a4d3-b31731b324b7,U_8
14486274-607a-47c2-aba0-3027c2b019f8,V_7
c1074b9d-5aa9-484d-b758-12b72833ce21,U_8
d3522f9e-06c6-4789-8b6c-e41b04eaabb0,U_8
25936c1b-4b28-44cb-9594-c75d23cc5466,U_8
44e7ceff-192c-4c5a-ab54-d445695ccc2a,U_8
8c8e6280-df27-4ce1-9445-a19c6c4b8444,U_8
0ce1d089-e209-4697-bf46-82877dadb14d,V_7
f89aaa71-e1fd-4592-a824-2004b3ed42b4,U_8
83b317b6-e604-44d5-8d23-582e5a995891,U_8
165b1293-1a9d-4e77-a656-716514776e5d,V_7
ea6c054d-e814-403d-afde-03296de3fa30,V_7
a57d6560-b18a-4625-8197-2063f5e63011,V_7
7129cc4c-5661-4f28-b889-08697fe1e570,V_7
8ccdfc0b-ebd3-4be5-a773-7bec280459d4,U_8
fea449fc-0757-411e-b24c-f1278baf7a5f,U_8
29e6f1d5-04c2-409a-889b-7404b1c9a311,U_8
c64701fc-f6b9-4cbb-be01-463dae1d9c84,U_8
d203446e-781c-4bbf-9b9c-2c42a2637846,U_8
8fcfe505-15c0-4108-91b8-219850486f0a,U_8
5568e770-01ae-4bc5-afec-b3b759b5907b,U_8
2a6deec0-1307-465b-b46e-c78e8983938a,V_7
a5de2b01-57bf-4739-820b-f533075f08fe,V_7
f500311e-bb64-455b-bdd0-91a7e884ea5d,V_8
97bd6d12-281d-4d5a-9292-c9b6c3f7c95f,V_7
3f75bb6e-64c4-44e5-8ea0-b167f02e72dd,U_8
1a84fbb9-2af4-4f16-80db-5279e655fa44,V_7
3e1dd761-5fc7-4274-adc9-c104e0e2c377,V_7
77436f54-3590-44d6-862b-08c5415f8a6e,V_7
f63e88aa-29cb-468c-89c2-dbe94a20bc00,V_7
665c95eb-3ed4-4642-916c-3575ac8c68b4,V_7
a6cd106f-58cb-4b09-abe5-64b0f52c6159,V_7
3152f3c7-099e-48bb-9d32-42f9293baa24,V_7
56ccdc66-a884-4400-838a-e4a9d20dbbd8,V_7
b8bfddb4-d0a7-4cfe-a754-bd1ecf56611f,V_7
6764a2cb-6227-43ba-a916-063fe1206641,V_7
b92ed9ac-221c-4744-9715-d3696a4a2d55,V_7
f1663a4e-98f6-4418-8f3d-1d3bc08ce40d,V_8
9b3d9e36-b6fc-461a-94cc-2b3102b70a87,V_8
5c572a16-0b69-4119-9877-82d574503fe5,V_7
29894037-bbd2-478d-8f45-ac3a640cfa7a,V_7
08264a46-eae8-46ed-97b4-ec95b0313a11,V_7
e1b7ce17-12e2-40f6-a371-176153a6417e,V_7
984316c2-e256-4df2-b73c-a1d332495aeb,V_7
e8f41631-bdf8-47b3-9b1f-4a1830a4f6d3,V_7
cd5f5e1d-12a2-4308-bdf5-8600cda3c748,V_8
3da7b70c-907d-4e48-93fb-8ac42ff33d35,V_7
0c72a14a-f3ff-4c76-9d99-c46c806de24d,V_8
c3e82b61-d886-4fa5-b5cb-6ba7f9beb814,S_8
ddfed51d-df77-4b25-b1ef-c44818e9ab64,S_8
d9a74851-44d7-46b2-92b2-da4766905756,S_8
89e4c64a-8659-4fb0-8437-de3fa7ea2b9f,S_8
c72645e2-06a7-4ed8-abce-8f49a47de4e8,S_8
f1f29244-5d51-438e-a176-41572ffa5a3c,S_8
c0715703-8ccf-4410-895b-96baf48aa6de,S_8
cbb9ab55-214c-493b-a031-de602916789d,S_8
7e1eea67-fbde-4872-99b5-1a16d7559521,S_8
70fa1b19-9289-4383-bc48-3ff93b79da19,S_8
17f1899d-a8ea-4c19-89a6-8e95df257b76,S_8
55a34f78-8479-4c65-ab03-d9eb903ed99f,S_8
54f0432f-811d-4523-81cb-1868b24a6943,S_8
a436f043-ff7f-4692-9566-a769ff32a9b4,S_8
035a76a8-bb87-43c2-8a7c-f3e545fbc3ba,S_8
42d830da-5520-4732-a04d-8f7013d4bc37,S_8
c3e43bfb-7225-48d9-b3d7-1e5707ed07ed,V_8
c488ce05-fbce-44be-9119-eacf1b6d8809,V_8
7cdc6c13-8556-43cf-8840-6867f629b275,V_8
6d1b5837-ab47-4505-8748-4e2a2e1ef3e2,V_8
f966c08c-f45e-4af1-a1dc-6bc4d04d3d07,V_8
d475981b-b909-4bdb-a7ca-2e5d09158795,V_8
eb2bde8e-4cca-4b01-a2b2-f21e52568d20,V_8
ab24b279-ce16-4f99-81b0-806384afb11b,V_8
7a8fafdc-3b96-4931-91c4-25e5bc0d2823,V_8
9e15d68b-da7b-4f57-9d6b-416d3044b071,V_8
f4b8e17a-2165-4615-8c6f-9c72d60784d1,V_8
0574a632-5f30-49ae-bc7f-452d09a85544,V_8
38d1d590-2275-4650-9353-0448a2b0eca0,V_8
78e632b4-e9b7-4d29-a37d-e9f674ff2d60,V_8
ba512cf3-f770-45b8-88bb-8703f2392476,V_8
7a0c0150-108f-4ca6-9d05-0b9ceec1d592,V_8
730f2a10-0087-4393-81e4-0c697406bab8,V_8
25eefd6e-307a-4f82-bdce-99c3d1fd651f,V_8
1a5efd49-14a5-444f-9af0-05b5bd9c0a22,V_8
da9968c9-6ef1-4048-ae2b-13bc50a6ab16,W_7
be082185-329b-40a3-a7ae-cb654caf797c,V_8
4ee34b7f-606d-4288-88d8-95d7660b9fa4,V_8
3040439e-2ac4-48e9-844c-1176d9c1b928,V_8
47df70db-46c1-4519-bf7c-46ede7b18f50,W_7
797b716b-089c-4778-9d65-77467f83b88d,W_7
89f66cc9-19ef-47d2-a527-46cd53b4f562,V_8
b2825d37-c754-40d1-a858-2cd2b322803a,W_7
89697779-2ba7-43ef-86e7-ed78273d87f6,W_8
912bb20f-bb17-47d7-b31b-bd151908c684,W_7
39325ecf-c010-4803-82af-b7b544cfd391,W_8
9558d733-d57d-46de-b348-c47b920f5dc8,W_8
e7d4fd93-1869-457f-97eb-613235591a6c,V_8
a3cc6093-c5d5-4a45-8dcc-2f05be10337a,W_8
d3be184a-71e6-4b1f-b32e-fa9f318bb81d,W_8
3996eee3-f896-4bc3-910a-f8aa0d0863dc,W_7
f9243004-3d04-431a-9b58-f185f932783c,W_8
471d1224-53f4-4cef-a7d3-7e4f10ed2fe3,W_7
b8a9fe8c-1f69-4774-b98a-4463ee912d25,V_8
104500cc-c1e7-4d63-99cd-34c37d2afa05,W_8
fb6603b6-f49d-41cf-9c97-3e1a494be781,W_7
7dd46677-2a6a-43f2-bf1f-0b2b06b513fd,W_8
c1e7d4fb-0c20-4989-8dd2-4297d428f63d,W_8
600dc2d7-ec16-4d06-8f1d-6ba6977e8c80,W_8
7e9b936c-5227-45f0-918f-a5bd3b0597dc,W_8
a356739c-bcc3-47fd-b556-a0cc5c527a75,W_7
5c93cc88-aada-4d3a-9c0c-0c205d05e732,W_7
f5e8b174-ebe6-4cd2-a940-f6acd392308e,W_8
10a9de1f-52f6-46dc-8d86-5bf848399e07,W_7
50d24a28-690e-40b9-81b9-f6136f835706,W_8
9b32dcd9-bf9d-4a10-ade5-7a1fb4557923,W_7
4bffd76a-9c82-40e6-9130-09b9de2cfccc,W_7
d537fe42-69ad-4933-8958-4eb922b118f4,W_8
71425914-5aa4-41d5-92d8-958d4b717699,W_8
2ec91e0f-fe6a-47fb-8fd2-b330422dc735,W_8
b4f4ea16-1436-4dec-b22a-5a30690aa0b5,W_7
a1c24142-0ed0-4199-9394-b28d56a017c9,W_8
a3198f96-83ae-4ae9-a706-ae1df24827d6,W_8
eaf85cb9-fb90-4149-8f85-bca824f805a7,W_8
7cd47401-82aa-4b37-a99c-b6c8d436e43e,W_8
1f17e540-2bca-48a9-b353-9b37fde7be5d,W_8
69a59e6a-2c8e-4cb6-94d8-b43b52f26520,W_8
c0f815fc-44c2-4ea5-b793-aa6bc02a69ff,W_8
cd402c46-172c-4a12-a5d6-e28189e84fa1,W_8
58c23af6-99fb-40c5-9931-e40a3ebc87c3,W_8
a596b4d0-4804-4a36-bbb5-e09e02e34705,W_8
2a96f821-a7a3-46a3-bfb5-46604f28099c,W_8
fb6ab0d8-7ec3-4f30-98e8-b25c45775e65,W_8
42ab635a-7152-432d-93b3-58818e263e30,W_8
ce3fea97-611f-4eb9-b31f-028abe59a6c4,W_8
19459af9-3425-4de6-9501-fdf1a9494172,W_8
4392bf56-ab1c-4920-8716-e07d8feb2972,W_8
1997abb6-8ade-4e3a-9784-c78b32f0f7f9,W_8
ade183d4-e8f1-4cb3-93ac-994236df343a,W_8
b89b10f7-7e47-4a33-89bc-03fae7dd68d5,W_8
dfbc44fe-c040-4b8e-8a61-cdc3566d19cf,W_8
38a3a34f-b83f-4ae7-96ba-9e962133bb85,W_8
351aa152-09a2-4134-aaf0-6ca84cfcc32e,W_8
08bcbf6c-9d65-4929-8115-3a737ac07254,W_8
1de1cf87-b4c1-4932-bdf3-0d9bd6645035,W_8
cd50cb38-6042-4039-9f84-ddeac0b76f40,S_8
4a0945fb-e985-4555-a0be-cc6134dbd672,W_8
9e8c672e-2ac0-44ce-82ca-7f773c2d2bcb,W_8
d50d0666-e320-4f76-807d-03afd6d9c85b,W_8
3a1514e3-2d4b-45d6-aa4b-655ab05930bc,W_8
215c4e57-1844-494a-a561-4e0afc7b9372,W_8
0e17d897-0094-4c0c-812c-c53740c64378,W_8
56f78320-2122-4c4f-81e1-db9a27458339,W_8
3a607d70-a074-42a7-873e-58345b938177,X_8
0ecb8a8d-0f70-4661-8861-eb620a1555f3,V_7
0a35f4a3-1dda-4d3b-ab99-c2141f99e7e7,V_7
11e1915d-f3dd-44a1-ada1-f5ac2d028a1e,V_8
3cb85162-b8fb-4d22-86e9-0d85b3a02a53,V_7
aed01892-c5c3-4951-a827-dfe7f26922b0,V_7
6ee54b3b-b742-4d7a-b755-64c4a0b2b88e,V_7
def74781-9cf6-450d-a8b5-0a2e4500793c,V_7
fc78c76d-5646-4f25-9aa5-90d8ab188dc6,V_7
0c6e6986-705d-4d9e-99de-71ee22928580,V_7
425a9e22-e360-4274-a898-e917392d0690,V_8
9f2a287d-3003-49fe-84c1-c4ebde3741ef,V_7
abbcadfa-670b-4a50-b031-1276ba7cfe3b,V_7
4bf009f0-a08f-4e13-98f0-8b1464268c1b,V_7
0364d212-bcdb-40db-bf57-c364a1211d79,V_8
a9816034-b313-43cb-bb93-0772db647af5,V_7
2b8768e5-2532-4270-b9dc-1b6ffcbee032,V_8
1328a7b6-748a-4f93-a246-3ef4d61726b2,V_8
69e62aeb-da25-4895-a857-379fd9de91da,V_8
fda40de3-7ffa-4fd5-bd08-7c19d6883fb3,V_8
1a402e83-dd86-4069-b12d-8a3147a67177,V_8
5590ec72-31ad-4a72-8536-262339fa8e5c,V_7
cd8a35e6-642d-4459-8022-7325140ac8d0,V_8
7962b66a-4334-4692-87fd-d1031bf61aa4,V_7
5fa9b25d-7eb8-4d55-b3b3-ca48c7562fc4,V_8
56f560c6-aa4a-4d69-9b34-d807d4f3c209,V_7
8893cab7-66d7-4bb7-b995-997614815b80,V_8
4f7bc9f1-d466-4f48-a6c5-81cf7c0dba6a,V_8
083a278b-dede-4da4-9793-f796329541bf,V_8
60731878-4921-4509-ae82-ee806877072f,V_8
ab32be86-9a91-4821-83d4-36ef19bfe696,V_7
54f01ce4-60ee-465b-933e-586d14822ee4,V_8
922bd170-0920-4c96-a7cd-edd86bdf427a,V_8
4276c0cd-b96c-48bb-ba19-8d457284ba4c,W_7
67b35d6d-a095-4e71-acd0-2d9478e831bf,V_8
af680a7a-545a-42a4-84dd-a450c4257e5b,W_7
46f553d1-45d5-4189-8d4a-87a4b37766f6,V_8
9f4373c9-2848-4f4d-ad31-9d60eed5b9da,V_8
148aad39-8c4b-4e50-80f8-ab61f9755316,V_8
7d58d7f2-e09a-43ff-93a3-0bcc79ffcbbb,W_7
ccc8d259-1b80-4360-9e9a-146e1cbe0f86,W_8
1ac192f7-10d5-4776-9bf3-7066c774600e,W_8
ffd5d92a-17f2-4f01-9515-810ae5d6d0fc,W_8
de57ff72-3574-4a25-a9c6-6bbdef3780b3,W_8
a46e33dd-48e4-410f-84d6-84cb51600a85,W_8
f9627f94-4040-4db8-b2ec-626dfe2b2061,W_8
8b9f0596-bfa2-437d-920a-8aa30daa20a8,W_7
e6259326-33f3-4823-b78b-9a89855efb86,V_8
d0fa5830-9e49-4bc9-a276-473822bda8e3,V_8
647498f3-4750-4602-9445-11822982a3ab,W_8
0ca7bd32-00a9-46e1-86fe-f947cb25dde3,W_8
f0f74af9-3d67-435e-95b3-984869c5a792,W_8
283258cc-22ef-4766-816b-5474c7bb09d3,W_8
bff49d1b-9bf2-45eb-a67a-27ef86208d8a,W_8
13b6d344-066f-4c11-9ddb-f526d5c97c5b,W_7
8fd58547-4fe4-486c-9f5a-8c998b9959ae,W_8
0cbf6545-6769-4087-b910-5a43ce812572,W_8
a7fa7d3d-e63d-4482-a174-4ca19e96d35e,W_8
2070a7c1-66b9-4ce2-8189-d7e597b5909b,W_8
8c1412ca-7e48-4897-9306-4e40d578a05b,W_8
d4976a44-d542-4822-810d-b29531f6220f,W_8
696aae61-1913-41fa-be4f-f295ab2af993,W_8
82f2abad-2390-4d8b-9526-a643de569079,W_8
26f59d39-3f38-497e-ba94-1db56cf92c70,W_8
d7f9cdd1-9991-4237-94e3-6bb6b041695b,Z_10
9cfb564e-25a3-4988-93ab-02eede9e615c,X_8
84897389-6332-46fc-bde2-ceee0e7a117f,W_8
2e6dab46-0265-4b98-9a10-7b296bd1285e,W_8
6869ad28-d089-4dfd-9cf1-439413824dfc,W_8
cc0baa18-2aa8-40a8-ab17-8558b574b5e8,W_8
91d1a1e4-e001-4bb4-b304-cdb542c10f9e,W_8
8864e661-3508-4dc8-8cfa-586a311ea616,W_8
ea32f6ba-6f79-450c-8c2d-e6ac4038f43b,W_8
3c9a5401-7767-4190-a2e7-4bee7d2b0763,X_8
373532f4-ea89-4bda-9751-81013f2dd699,X_8
bca8d0fa-8275-430e-8cf6-34a64f2ba67b,V_8
c52d5754-9043-4e49-9e65-c5ca65d554c6,X_8
567117db-744d-4ecb-9c29-a81617f8072e,X_8
0c06dfaa-e021-426c-840e-c7b65d675963,X_8
fff5ede0-d345-4b5c-8aaf-b037f2995723,X_8
3e515028-27f6-4b70-805d-a409bb2bba6e,X_8
2d59dbf6-3694-4871-b0b9-c8249c3c9418,X_8
bcdda4ac-266c-4bbe-a9d1-82590e9163f1,X_8
bb9981f6-6656-487a-9721-9d65af1ffb3d,X_8
eea98ff0-e256-4a4a-92a5-6cd91d0dbe25,X_8
855cf276-84d2-44d2-8ad7-7eee02360dbe,X_8
86ce39dd-b724-451f-8a82-89b909776005,Y_8
7cccfe90-0112-4355-beb2-2a488cb3f201,Y_8
466457ff-057a-4ea9-a09f-604e0064f268,X_8
7d1089ea-43ef-481e-ab6b-af6f2a47736a,Y_8
a1d1227f-9ff4-4a76-993a-724d8a6e27fa,X_8
76a37646-f4be-42d8-8961-ab930f61761d,X_8
0bf8a3f2-bb7f-47f0-8752-a64d7e3fef04,Y_8
4b7d93b7-928a-441d-aebf-e83537e9d563,X_8
8ac1a802-72fb-45b6-aa96-aa023f750fe9,Y_8
a6578058-759d-468b-b8f7-e71bf7b07f1f,X_8
2a3e9a65-0d55-47cc-8ea3-7e4d37a756bc,Y_8
91339279-14c7-4e46-a6dc-b1f5ee5544ec,Y_8
f11e0459-7664-4eb3-bfc7-984442b44b01,Y_8
696b1591-4531-4392-be47-71d437538176,Y_8
c8500768-6569-40ea-9f9e-8f52550690f2,Z_10
a5c2d504-7c23-4080-8f41-d2c0d145991b,Y_8
238cc43c-66c9-4150-b7ad-7dd4baad2036,Y_8
b1fb8c02-616c-434b-a0ea-5432ca060d08,Z_10
e4843838-cfaa-4e39-9252-988733a25c6c,Z_10
5216737a-38a9-44f6-8645-b908e5541b0f,Y_8
0974d18a-8654-4ea7-b49f-aec94fdf68b9,Y_8
f5ea26c9-77e0-4822-a093-d9d8c602009b,Z_10
30fe5fc1-4304-4ac2-9c5b-449f761a7ca4,Z_10
8e3acd30-6a12-40ef-9282-d74dbb63a7ec,Z_10
007d435a-4345-487b-bcff-0d037ba8f534,Z_10
62806b38-3840-42e2-89f9-25d4647fe07f,Z_10
db6c1b8d-6d74-4fa6-87ec-20e353fb3106,Z_10
4834ef40-3891-4dec-be1a-7a722e2207c9,Z_10
29dc0f80-8987-4f42-929a-bf6e26150942,Z_10
341a106d-ef3f-4f0e-becf-127534d41bf8,Z_10
f9c54b87-b4d0-4f5f-97de-c001d1aba7f6,Z_10
cda1ab98-7d46-477f-97f7-7a37dd71b76f,Z_10
b57ca279-45ca-4f08-93e1-176dce63f027,Z_10
fa1b4b0d-8535-41f9-bc19-885b76df9640,Z_10
5a1116ea-bb72-4edb-a3c9-5334ca1c4184,Z_10
61140996-50e7-4f63-8fa4-e6f4637facff,Z_10
44658fca-5a19-4bde-a21b-a3b234925d94,Z_10
1d562348-a525-46a4-b72a-e9a2e89898c8,Z_10
8337eede-46b6-47c3-a248-87f7a1e04e03,Z_10
f811455f-39ba-4873-8048-f9e743c2e00e,Z_10
c131dc7c-0028-46d6-9752-cbd0aa545ad8,Z_10
2b4c64e3-619c-4763-a405-399c2e0a2dbe,Z_10
9371cc00-ffbd-4620-86a2-7a15db780564,W_8
01397b1d-ed5f-4072-a10f-6295a6de5e3b,X_8
5a08faee-7cee-4b61-bad3-dfd4dd857f6e,X_8
e5c2748a-9996-4172-bf89-112fa4391f7f,X_8
9465834c-c40b-43b7-8c79-8514d6f034af,X_8
96fd8ca3-a59f-420d-9498-6494232ffcfe,X_8
22d5d932-1053-4dd1-8db3-5f4e086bbfe1,X_8
42af6781-b3c3-4322-920f-f343523f6c84,W_8
f4ce13c7-2abb-48a4-b930-4f08ba5f129c,S_8
cf526955-327d-4be9-8be1-bcbcf216c692,S_8
72acb4c6-53ac-4829-b900-2222aceb82c0,S_8
ab32186d-2beb-4183-86cb-2e77b7b98859,X_8
ab82d1e9-1940-41ed-931c-7c8e81fb9899,X_8
ff1836f2-c9a7-4e77-88e4-cc12ec847fb1,X_8
7cf1001d-5262-4d85-8465-2af0f359a771,X_8
f599ffd7-1ed3-4270-a567-03094280d630,X_8
26a2f034-f0c8-4af0-9b99-121d293c3730,X_8
d29ad61e-5b3d-40aa-8018-fbfbf470bfc6,X_8
eac37668-f1bd-4be6-910e-336f6091060b,X_8
83c0a64e-0608-435e-a6f0-98565a70cf71,V_7
6c606c75-2ece-4b71-9549-3e7311fe4a13,X_8
a81eaee4-e114-43b8-955e-8cb6b1c7ea37,X_8
67fce757-4f07-4fda-82c2-ca8765d5f648,X_8
76bdc7f6-ee25-4412-a734-3ea170302f3f,X_8
b83fb4f2-4fe1-4161-ba70-c5dee5088330,Z_10
c3da4406-e683-49e4-b035-25fa54586ad3,X_8
f8866122-47a8-4827-bdd6-ee5604a13f8f,Y_8
6c3de29a-fed6-4f3f-8cfe-37091d179cef,Y_8
28515b64-a62d-4afb-a342-4f31e4968fea,X_8
849b28dd-f382-41a8-95bc-db8b2ff682fe,X_8
d7617e3b-afab-4bfd-8853-6bda23da29e5,X_8
27242e88-884c-4c2a-a6af-89e593356d55,Y_8
ed54f5e6-a51d-47a2-ab7f-fb644578974b,Y_8
2b2dbcbf-1dc1-4dcf-80f8-a9f95a355837,X_8
76aeaf09-b581-4a43-b682-e60f2d40fac4,X_8
6ef18b28-7a2b-4d68-af44-6213ecf67168,X_8
47b54d31-6755-4b27-afae-70528c933bc4,X_8
33ded5f8-b216-47d6-a7ac-ed1009a01b7b,X_8
49a5b554-f8dc-4451-b43d-4e1b009dd639,X_8
0b0f7b59-c41a-437a-a827-e69f91686cf1,X_8
b3969b69-d8ef-4f21-8536-d5bab5ab3ecc,X_8
bd13587e-5f10-485d-b752-d8eeb2db3fff,Y_8
e555d015-47f4-4d99-afb5-4c85dd86f859,Y_8
91070cf0-e797-42f1-9195-af9c72665ed9,Y_8
85976045-3fec-4afb-a4dd-06fa1acbaac7,Y_8
b58cbc6e-df11-4f5b-9b20-e87c1b2a91f1,X_8
a3fb8a48-8e98-4d8a-adbe-ee2974755191,Y_8
0afc7cc8-32bc-493c-8bda-45875be4820d,Y_8
e75230f6-8891-46bf-8213-a71f808399fa,Y_8
5a8711c5-ea7a-4dbf-a705-31bc09ab253f,X_8
e66208c3-3b35-41b4-9d86-35977a54687f,Y_8
39fc7918-6d8c-4b7f-9734-e3230bb95629,Y_8
6cd3b86c-10b0-4d4f-be90-1e25bb2ebf90,Y_8
1d4fbc49-9a1f-4434-a032-7a1093161ffe,Y_8
8bb46e26-7cc4-4991-8cb4-2af239a3c7c9,Z_10
f8933e30-b5fa-4916-a336-8da9e2f16b8c,Z_10
c632b024-d201-42d5-971e-cf0a0d0de521,Z_10
946f5091-25dc-4b04-818d-0f572558d13b,Z_10
0fd02f99-b9c0-487a-b4cf-0fb7b56e540b,Z_10
22341a5f-34de-44b4-b424-d50975213447,Z_10
e0d7d403-59f5-43ca-b298-892e5567713a,Z_10
ead61f8c-d3a5-48e2-b324-c6a6f2716dc2,Z_10
63d074d8-1e61-4ea6-8192-d3ab0e7b6a9c,Z_10
bef4a479-b8d0-4420-9dad-b263fe7253d9,Z_10
65a18fcc-22ef-4711-896d-5f1b1388dfe0,Z_10
285b98b4-f0b0-4fbe-8465-531a41c919c7,Z_10
73494360-8e91-4e11-b3f8-402febdf77ea,Z_10
89e47051-7a2e-49ec-a715-ead6e2b7dc8c,Z_10
4ebbcf60-bf9d-4cea-8d09-bf4df2ff62cb,Z_10
eefaa0ee-e589-42e1-a201-540d79ff1d0e,Z_10
750864e3-e8e6-4223-a12c-1852a7153fac,Z_10
2ce4b1a0-85c7-4353-a46f-2fbb54909ed8,Z_10
6f12950e-9623-4380-82bb-a2742fe81767,Z_10
f798cd3a-003c-44a3-8ce4-cb842e7ac6e8,Z_10
3c3e284a-36da-42e5-9a1f-04e892f70200,Z_10
8e4ba9b6-9e6e-4b13-9f8d-ebcc401700a8,Z_10
8d2a51a2-71f5-46d2-9c69-6cec80ce67a6,Z_9
a2e10877-c91d-4bb2-af8f-3082488f902c,Z_10
7778e6d0-3913-4623-952d-869cc837bea8,Z_10
9798fbcd-a139-449c-b8b2-7a0602926927,Z_10
741a83fb-bc80-454d-b97b-787c3c054f1a,Z_10
3de75c22-9175-419a-a1a6-ae1ab10d43a4,Z_10
eacaf6f7-f2b5-4977-b1ac-954c7fd4e56c,Z_10
6a5a261f-2b6d-4640-a62d-54a7cebd0e0f,Z_10
01b7c753-e4b8-488d-b803-78c42f89b888,Z_10
34387372-aca4-4471-beb5-93c0d337436e,Z_10
561dc181-81b2-4b5c-88f0-9bbd0c387337,Z_9
bd633f8b-347e-4e82-a5ef-8189d1a59d30,Z_9
04475dad-92a9-441b-87a8-f8f7c0ccacc7,Z_9
b162ddc9-b3d7-43e7-b956-11e578eb2f97,Z_9
5464e987-89d6-4cb9-87cc-6bd3cb653e55,Z_10
51341ac1-946d-4164-91c3-1011e867f9f8,Z_9
2243e684-5bc1-4906-857f-b98a9e61068c,Z_9
4a207a4e-9ce9-476a-9c1e-e7cee5a41728,Z_9
8ce21c37-11c4-40ac-acc0-299e6271682a,Z_9
ff906fde-f407-40a0-afb7-076118498624,Z_9
5cd2d9d0-5de7-4473-8d4b-56946505593f,Z_9
e0bb4aff-a582-4a5f-a191-ae373f1fe96f,Z_9
51ebb6cd-588c-4555-b86d-bf7b20559c29,Z_9
7eb724cc-f7ca-4dcc-8fc8-f7fc09c54d22,Z_9
789bb671-093c-44c6-9490-00b5372bafd9,Z_9
45978fb1-d242-4aaf-ab4a-582888408748,Z_9
76922401-5a07-44ed-b115-e40903b807ff,Z_9
97235046-c997-403e-8063-3c618bd3d786,Z_9
176b570a-03d9-4ca3-8cc2-f945853e99e7,Z_9
044417b2-aa3a-460e-b587-e89494ceaf07,Z_9
3ccfb946-9bee-4a5c-a96f-0ec3f35a645e,Z_9
27c68022-cd53-49a5-b2ea-96d4386dd905,Z_9
dc6906f7-770b-4428-8a19-d6f6a4a06bab,Z_9
a5a59c86-dd2b-43ae-b819-9f0b2b303bbd,Z_9
c23ed6f4-56ad-45ce-9082-688b0d1f5024,Z_9
49d44eea-8620-4722-882e-4fa132697970,Z_9
85e59334-8818-457c-b0b5-b9df78a0f9e2,Z_9
3902b0f2-1d90-495c-aa83-8f83dea53960,Z_9
5a68e94e-568e-48d5-b058-741178c41454,Z_9
00cee4ca-639b-400d-941c-aa938750bf73,Z_9
ed898f18-e88b-4820-ad19-d444e56193d7,Z_10
f168ce4e-4f38-4d2a-bb40-351b9b02590c,Z_10
b03d0d62-d167-47e0-b73d-99bab076dca3,Z_10
e8ee65bc-1948-4f48-b25a-0c21574c123e,Z_10
19894a50-85ca-4f85-8ee9-1bf3b6e1abd9,Z_10
190e0e29-2b3c-4016-a2f3-2a89f69fcc0b,Z_10
13c705af-03cf-44fc-8450-5f8d442568a2,Z_10
ba9a66a7-d2d4-46d2-a9fd-25c0ed71eec3,Z_10
e383f0e5-6310-4bd3-8e5b-abf3a5844854,Z_10
2fb331c4-cf51-4ee1-9bc4-bc14499dc0a9,Z_10
61a04f2c-1104-4b64-904f-85d174c53d72,Z_10
9144c470-3ece-4558-881b-8ed822c1922c,Z_10
e0e82615-d330-41d0-bd3f-0c4ac3332f44,Z_10
3e2a69b3-c872-43fa-b0de-0511d29f82e8,Z_10
5219e672-4abe-43ec-bc34-1d3a368efd5f,Z_10
ec812eba-73b7-47eb-a786-ee87f91c4be9,Z_10
14976c4e-1a19-4960-9456-21799a3d0937,Z_10
e41f7e83-4633-4e86-8b41-c19e57c451e1,Z_10
21dfe7c1-2097-4da7-bb7c-bfbb08c70305,Z_10
ec1b98c7-3092-48bc-b7f2-031029bc2c20,Z_10
628fa9d3-6347-4ad6-acef-7625779dbb70,Z_10
3ba9b498-9ae0-424c-b972-c7063dec44d6,Z_10
5df0fd41-262e-49bc-a8c8-be3542d50f4a,Z_10
28f4cc6b-4817-457b-8347-fd5a70d73183,Z_10
424b4b0b-2d81-42bd-8fdf-9bdb555a9331,Z_10
e31a2b0a-1ba7-4066-9156-9e25d90cc03a,Z_10
69a63e2f-b1ed-4d4d-9dbe-5a41451147b3,Z_10
842c6b84-66c8-4ca9-8e67-0a54a82dabb9,Z_10
7c7c01b7-9486-444c-b9d0-8bb895ace546,Z_10
433bc01a-df35-4fee-914c-e8e562ee27fe,Z_10
ee08a453-4784-4499-b4cb-8749d1cd75a4,Z_10
3e599c90-4b53-4798-b5ce-149b82ed6126,Z_10
cbd49657-16af-4834-95b8-92c0b7d13d94,Z_10
c8fa3650-709d-4667-b3d9-971b993ec113,Z_10
070bd10a-263d-4931-a6ca-ac4ed876e13e,Z_10
18eeab77-543d-4168-851c-47dddb1cc320,Z_10
4372162c-8450-4b38-9215-c4dae5e0e54b,Z_10
0d8a7e5f-7dde-47f5-af13-de3503becf17,Z_10
6daec5ed-be69-4ca4-8dbf-80d0e1bed2de,Z_10
90f09548-56f3-4ec7-838c-ace72b0e3a21,Z_10
906eef9b-7d23-424a-a0ca-b7b49c084044,Z_10
5a775d1b-d70d-47f6-b9bf-b81b1f606aa0,Z_10
e94c8132-81fb-4859-aeef-01cac14ad9bf,Z_10
5c737d87-d1b5-49a5-a8c0-f2b90a7f5a4e,Z_10
b7142c76-b334-489b-9cba-3323a522060e,Z_9
9bd56d19-ea8c-4652-a300-5328349138af,Z_10
11474320-f669-4202-87bf-af90a41b3a85,Z_10
4fb7c29c-95f0-40d1-ae9d-431f6e73388a,Z_10
4ca91e72-a8db-4166-831b-16d6f5f25c4c,Z_9
e2f888c8-f8c1-424e-828f-11b12cb3713c,Z_9
1f76ce5c-20b0-47d7-9d78-63f3d4c95bec,Z_9
3840a196-c331-49c0-a081-38100b70ceef,Z_9
ebe6fc02-a6ed-479a-82d4-a531540e0423,Z_9
e53ae9e6-189c-4cbf-8ff4-8f332207b647,Z_9
f8c24319-3fe6-42d8-a40c-d1a11bd0dcfa,Z_9
ec775ba6-1015-445c-9052-9a8f3ce8f7e0,Z_9
ca060f54-b476-4c25-b9ba-5aa40e531f21,Z_9
bc2cb38a-da26-4b68-916c-d43fa0c39a8a,Z_9
56c7c65d-bc2e-4a80-8039-966ccd3bee08,Z_9
1544639b-6a57-4940-a25b-16ff28c7d669,Z_9
3361e8eb-50c7-4d7b-93c4-bc01585f862b,Z_9
b5388315-ab5f-4cc9-860e-2ed30bb3b1a6,Z_9
c81f4678-80be-4195-b72e-743a89512278,X_8
7e8aaf18-b871-429f-8dd6-51e4c68c7539,Z_9
3eecb17f-ad9e-4172-95dc-cb8df6622b9d,Z_9
9750b7b2-8147-4f64-8620-047117b59a09,Z_9
c43633af-040e-4fe3-b9f8-c250ea7c1ca3,Z_9
054bd1da-200a-43d6-9ad0-26353e6d275d,Z_9
779fe789-7e23-4277-afd1-12a254d72932,Z_9
a9a3fdc8-1052-4172-b456-e22bccc42687,Z_9
78fbe86e-35ce-46cb-bcad-e65d097c6852,Z_9
f4f5b689-72af-4504-942c-ba75f19fc33b,Z_9
ebb8152d-82b1-4360-bfae-75539e54f709,Z_9
03649b84-a136-4513-b453-fde513b905dd,Z_9
cb4ba3b3-08ed-437e-887a-ac9af0a0c8ed,Z_9
494d8745-b54e-4225-9fe9-1f34b9816def,Z_9
79e2a7e5-4ff9-4bf6-94d7-9149b55e5422,Z_9
c83baf82-806f-4ad7-aeb5-42629d6c8417,Z_9
2bc6d80f-2911-4565-9cde-6f0e69b32de6,Z_9
e1c10f08-09f9-4253-bdd1-8a2c700d9d9d,Z_10
af61cfe1-8c98-4739-af49-dcf3f0f426c1,Z_10
6d8962b8-2a69-4b2c-8ac4-ddf7c5643c41,Z_9
09b1a802-842f-4cdd-af20-37dd2a70d4ae,Z_9
981398b3-dc14-4e8b-8441-ce376b247f60,Z_9
9e79fdf2-7025-463c-9661-806ecaf4cf77,Z_9
8444c5dd-1564-45de-a84c-2cac63e52877,Z_10
b9263b82-a937-4a76-8122-fc3bc6e02137,Z_10
596f9d4c-a444-4cc9-99b1-93f28bdad304,Z_9
9496eec9-5509-44d0-9805-02ae307c0fa1,Z_9
cacc1deb-9431-44d1-bdda-82231707b430,Z_10
8eedc38f-c603-4472-b455-9226541964a6,Z_9
4c81fe7e-83fd-4dc5-9b63-9ab552b4290a,Z_9
abe03473-d2e6-478d-b3b1-c35a5c72e030,V_8
96b2840f-dcd7-41af-99aa-7f8b253b8e6a,W_7
3e1d76cf-160f-4043-8ffa-db8cf5761c63,W_8
e024576d-f849-4767-a810-8cfcaa930736,S_8
be766d0d-885b-4dde-9f4c-b14a764447fc,S_8
8b09b721-69f1-497c-ac43-0edee35e407f,S_8
6b349b1e-40a8-4817-a46d-dc1d0d9810f7,S_8
ef94fa71-d931-40ef-b4fe-880a09fc56ea,U_8
22b4aba9-84ec-42d0-bce1-9817444cfdc1,T_8
d8f750e9-514b-4ba9-8897-20b2427f6dee,V_8
89d83674-1084-4641-b2e4-c54abca26d28,V_8
18fa0ead-3fac-47dd-9224-30e52c4d4afb,V_8
b9901a13-fe44-4d40-baa1-f0054e91bd4a,V_8
7cd0d14a-b5a2-4bbf-ac30-9ae93373acf0,V_8
9fb658df-9216-4c54-a03c-c501de59d960,T_8
33dd8fb0-7c4c-4ac0-bdee-5aa65bf6e659,V_8
cc3bea30-8542-4482-b6ed-822886ebbe52,U_8
1bec29ad-5b0b-4d66-bc93-ab7a7ca68729,W_8
5e353c0c-aa39-4022-80af-1b87a64ac0ad,V_8
5b8b0912-52ba-4aa2-b073-fcaee5a6ab60,W_8
e239133d-3b24-4be0-ab52-b24c689736cc,W_8
38cbbefd-abed-48ab-8854-83949f6cc418,V_8
b24e02c9-0e39-4c8b-ad28-c242f2451ec7,Z_10
20cb563a-18b4-4df0-a26b-2788ba2006ff,V_8
2479f595-4cb9-42c1-b81f-a9690cebe039,U_8
75cfa5e3-b9a7-4dcd-98d3-890dea8373d4,Z_10
db760d69-7160-4fad-87bd-9f4f711d783d,V_8
c2aa21c9-51ed-4e8c-af64-cd8ac78f9f32,Y_8
3d17d3e4-3bec-4f6a-98f9-20b79f9e34eb,Z_9
0c8601f6-36c3-4427-be31-2ed7b76cd97f,Z_10
8a8700e5-8c8d-412c-afa3-8ec2a899d3ac,S_8
deb3138a-0571-4609-aa84-ae89563869b2,X_8
45aa3512-f12a-4a77-a2ea-d2b47409222f,T_7
ace23cdd-56db-4233-be30-2d7297fd0598,V_8
7d9132a1-c0a3-4289-ade6-5eaa5105f985,W_8
689b308a-5dbd-4750-84c9-06ea01a6aa6f,S_8
8b5fc9d5-13f5-4fba-ab8e-36af00e9f0a6,S_8
a3c1103b-ad00-4035-8114-596c0bfb3998,W_8
815bc2b7-401d-4344-9816-976456f8fff4,S_8
befaaeec-6484-466a-ac89-bb466bcfd53f,T_7
68697dc5-8793-4b59-9ce2-1d01ae2bd35b,S_8
6c638b40-cc2f-42d0-9f89-fc0d2275f323,T_7
814284c4-25fb-4190-b6b1-a33e9566aff4,T_7
6c3ad4c7-81b5-4ba5-85fb-554d9a6cdf53,T_7
9b60e7ca-0512-4acf-98d7-819d2a844d5a,Z_10
7caa08b2-d73a-443d-a3b3-806910af6680,Z_10
b96f8ae3-f0ec-4fe0-8be5-f5f7a62d03b4,Z_10
34a161f2-8512-42eb-884e-dc075b2fef1e,Z_10
a94b8c07-2063-4cc5-a1b4-66387592e7f5,Z_9
1f0e003b-3c91-4bf3-89d9-8bd5f5c63adc,Z_10
77cc4b5f-e176-4569-b54b-07028a7e5a77,Z_10
83c00e7b-e7ea-40fb-8dfb-49e2ee41ba9d,Z_9
f87f0626-ac63-428e-b537-1a533bab93b9,Z_10
26dff976-ecb2-448c-9c17-e6077b0820c4,Z_10
1d180c79-34cc-40b9-851a-d8cfcb96d169,Z_10
7bd9c890-8d45-496e-9c64-88960c2ed4aa,Z_10
3927082c-17fa-4e41-9bc6-d718cf62d712,Z_10
1c19798c-8997-4d8b-b47a-0db118990011,U_8
e7885acc-7887-48ca-aabc-dc3303410bce,T_8
6b72b39b-1eff-40eb-92ca-40bcc241868f,W_8
7586f2e9-d72b-4f52-9de0-1204891b1176,Z_10
f1d269e8-76bc-425c-aea2-44eca5fab02b,U_8
87756bd9-6efb-4d90-9413-e3370d319211,V_7
0269fe16-df6b-4928-a33c-aecc94f19af6,V_7
3ffaaf8e-df0f-47d2-9df6-c196718b0128,V_7
89128e36-a25c-46ac-8a8d-ddbd15407211,S_8
7103b3be-374f-4d67-97ea-27b9e736493b,S_8
97e63588-0ba6-4032-ae94-4c8ca739f2d9,S_8
dc268864-5b02-42b9-8318-7151382571a6,S_8
0bd6d7c1-5822-417d-9b1a-efa26633d1a9,T_8
14896523-ebca-41a3-b4de-ea54a5c27f4e,S_8
51d7bd41-f373-4117-a5f8-52f220120176,V_8
fb36ebb5-8ec1-4874-835a-46e905b734da,V_7
6fefb0e8-5888-48b3-8010-cfd0cafc2b87,S_8
b2e4a394-26f4-4c8f-8bcc-7ccff68e7b54,V_8
5faad9cb-be75-443e-bb48-cee41777ce6d,V_8
ecbd721f-2760-4ec3-9800-d55742515937,V_8
70cb829e-024d-4155-b908-97d6832670c8,V_8
9b1bdf77-e672-4381-b144-bdde744ba59a,V_8
a933fa10-7a24-48f2-8efd-9d435ca40feb,V_8
0c7c86da-412c-4b40-a652-0b026ef7badc,V_8
c293fee9-cf86-44af-b18e-ddbbd133d2a3,T_8
72ef3250-b786-4b78-998f-fc8b84f1a483,V_8
cac752a3-d890-48c5-a981-6ad484e4d420,U_8
27d9cfc0-b201-4018-a5c0-93ad052c9184,V_8
c9a63f9f-c1a4-4c24-ad11-4d8eafa1e6d8,U_8
771bf394-18d4-4519-b2be-bafd976020b3,U_8
b83826e5-9738-410f-9154-263132971521,U_8
7a6dc424-cfee-434e-8f87-ac9cc36f720a,V_8
82cb8d32-c103-4558-8841-485ae39cb243,X_8
21252a85-85ec-4c7f-9804-090ed94bd2b0,W_8
85c8ccfb-7bbf-4918-99fd-8b46b68c5199,X_8
6635eabc-470c-49f6-aa59-f67f89249a12,V_8
2002b936-325a-4762-bec7-23634da39e92,U_8
d5b958c2-a083-4e04-b526-571f4f5ebcc0,V_8
34d7c720-6bd8-4381-b5c6-0b5879765482,V_7
a3a0b5c3-e397-45bf-8ee9-13ce36890f5c,U_8
6fb67607-fefc-4f89-80e9-9e6883a691d5,W_8
8d04b08c-fdaf-4bb6-b2f3-6c06b4192702,V_7
6bd33c76-4fad-4e2d-a7ae-bff8aa692748,Z_10
c700091b-7ba4-468d-a176-13dcbc86339e,W_8
741f15cb-1666-415e-8399-78ea8dd42cd1,X_8
1fb430b1-bfe7-4a63-a00e-559f831846da,Z_10
ab205208-1406-4741-b9ba-6734eab766b3,Z_10
2edd311d-7c3a-47e9-b2a2-84a9995ec8c5,W_8
2039613e-a90f-49de-b37f-751dacc7bf9a,Z_9
08055569-9e9a-46cb-9a62-9534745aebc6,Z_10
5b99e961-1540-43a1-ba99-916b9fc81d8f,Z_10
0f598d49-a5ae-4d19-b423-4b8b4e246e4d,Z_10
2f44d2fd-b6ea-452c-a488-73968bb56e00,V_8
110081db-2658-4c32-8332-5791ebfa0891,Y_8
aad78d3d-3821-43e9-8a2b-dfabbc7db85e,Z_10
0362ca27-8d3b-498a-9d6c-1783e506bb45,Z_10
a4195b38-757d-4de0-b2c9-4b9e4f6e789e,Z_9
9bb5b98b-3529-48d1-b956-28811c29188e,Z_9
20a97777-731a-40da-a4c2-1d2b1a8a6ec9,W_8
f34791fa-4a6e-4fd1-a790-9d35b2266eac,W_8
3c9c2819-b878-4619-ae4b-815d5f2f932a,V_8
80f57355-9a28-4eaa-a93e-934f9c11ae68,Z_10
987ba263-cfef-46bb-be72-dd52b9da24ab,V_8
fff4f922-cf98-4631-86d8-f89f615a91ff,V_8
847cac6d-5f04-4a9a-be55-b3bf12dbd324,V_8
58276732-07fc-4141-a976-f24d1bdbaaa8,W_7
dd1f6155-924b-4f5b-9b74-4d49ec0f947f,Y_8
54545fd0-834e-4c9c-b58f-b6edef4d6a8e,Y_8
7739445e-c6c4-49e8-a77d-024054a7e237,Z_10
21fcb417-c5f9-43bd-8b8d-a6c92a09932b,Z_10
851b4255-2f27-460c-a760-a2f7f11c4c55,Z_9
5c2c34d3-c15d-4922-84a4-8c1b2e56d3f9,Z_9
cb0a3d2f-7252-4b8f-8f0b-5dc6aa9ec349,V_7
c46d7f2d-4ae1-487a-a422-fb4d9bf6d815,U_8
a7e44206-193c-46f3-8554-5440f62c156d,X_8
3cd20d0c-f23b-42b9-a720-d9b6432970a6,W_7
fffe129e-700a-4443-adb6-30b3358fbd6c,Z_9
17b34291-0d01-495e-825b-ad0a8568a729,Z_9
ea523b2f-bf77-4d8c-9d80-3edb8bf8029c,S_8
3ac094f8-7787-46dc-9377-e444cf5691f0,Z_9
9d6a6a4f-4882-47aa-8c5e-6ffbf6837cdc,Y_8
9bf9cd1b-912a-4b12-98bc-eb66d36cd92e,W_8
a1929442-b23b-49a7-90b3-5d9ce30668b4,Z_9
d49ae6ff-b529-43e5-a8e2-ffdd28cfba76,Z_10
541e8989-a948-44a3-883a-650d00f3ce27,W_7
a6e64a77-b988-4490-a729-f140c28c0c55,T_8
7b41790a-5f61-4507-8124-ab74be94dd25,W_7
45b0bbda-99b3-40fd-871d-27f941999d63,X_8
aa241093-b822-490e-ba2f-0718d3d4904c,U_8
7c3a77de-6464-4142-9e97-4d84c8acf973,V_8
3401e01d-0222-4d7a-9507-6d65690f6694,X_8
d7bf4699-afe8-4ecc-8096-19624c122c78,Z_10
1a095b46-0ee9-4985-bce6-fcd57e9b4970,V_8
e8ca7022-86bb-4b5f-a527-8900a9d254f1,V_7
9527bbe5-fb47-4947-b323-d096f3b7f278,Z_10
fb1acb8a-4581-4d5c-bc27-8506edfc1db3,Z_9
6249fa73-8e3a-499c-b099-8ed61493059a,U_8
2ef33f6f-6a12-461c-8c97-1ae7d398729e,Z_10
36e98564-50c7-4f88-9fe9-8b62f6723f93,Z_10
d45cee91-8c57-4ffd-bbfd-6d74403e657b,Z_10
c1a83dd9-edf2-4b78-b5b9-a532e7da2b12,S_8
a4bb8907-c09e-491e-9da7-811a0ac94d28,Z_10
06a3e1f8-b3f8-43c4-a220-df120e9a11ea,V_7
446e44db-62d0-439c-91a2-d9ad1192f37b,Z_10
2f441744-9df0-48fb-9f39-43647031fbe8,V_8
f67e860a-079c-4d23-9364-93a669ea8457,W_7
35e0943b-5dad-4d11-b3ba-f8280f767598,Z_9
8bf3c2ff-79a5-4948-b91d-a841ba460b72,Z_9
3d6f5b9e-16fa-414f-a69b-efb5b5d0c630,S_8
74848b59-5196-4976-aa5b-83e4cd8bf6f2,W_7
bb1a9dfe-0a6e-44cd-ba96-dc9ca6ddbfa6,V_7
ffab1274-ad32-45fe-b90b-429094b8554d,W_8
ebbbd32b-db3e-430b-a934-a40751a3e8b5,Z_9
3626d142-76a5-4159-95b9-bb3905d09fef,S_8
68350837-74ee-4d67-8e6b-ac8ce06f49b1,S_8
1ec823bb-46b4-499c-8311-c33ebbab1bff,V_7
0c918f97-3547-41d5-8016-9f8e5bd5d158,S_8
8cee39a3-bacb-43d7-af0f-be7b6620a722,U_8
60a3411e-b27d-4b9e-b319-8952fcc2a1ee,W_8
67b21726-6b14-4c18-8754-f7c89904719d,Z_9
5fb92bc1-572e-436b-86e4-7e1d75644197,X_8
31e33161-0702-497d-a24e-07fe880953fa,Z_9
8bb36db4-e773-44f3-ae50-94b9d759ca9e,Z_10
f9f5d3d0-cc45-4bd3-aa12-c6528bde896b,Z_9
95d5e862-903d-4a03-b6bf-0933cdf5ceea,Z_10
44711cb7-0bbe-435e-afa6-a6cd15040185,Y_8
599fc09b-3ae3-4cdb-a056-287ba234ec7c,Z_10
0e47f7e7-96ea-4df0-9d2e-cda95cad9679,Y_8
293b8433-9ea9-4809-80f9-6d3470af5d94,Z_10
accf24de-3cfd-45fe-aec4-0a027cce8b1f,Z_10
8ec0dcb5-77c7-4203-884f-2b2eb7827427,Z_10
5a8ddab4-a84d-4700-ae44-df061cb3e0c4,Z_9
f415f512-8e18-4fb3-8da0-df23213bfe6d,Z_9
bc9cc203-de1c-4320-a5d2-35fde7018ffe,Z_9
c32d0605-157b-4b8c-a8a5-579af6faf944,W_8
81838c0a-77ba-46ae-95db-028e7739f3ab,Z_10
b2ae36b8-6ae3-4827-92eb-f5d42d0f84b7,Y_8
196f2c05-6f67-44df-87f3-4010e5461f81,V_7
e17d8ae6-0d1b-4b55-975a-2fa5957e8247,Z_9
9d93d976-bdcc-4788-b209-277e865e6082,Z_9
9ee27feb-cf82-4964-b043-94b8ff70eefc,Z_9
e538e41e-0297-4a4f-b050-ecfaebe6a8ef,V_7
3b018e59-2f73-4faf-a6f5-e6c19ffe9488,Z_10
186639a3-7d82-4e2e-8f19-164b7e3d85c1,Z_10
f0cf7a3b-ba0b-4d69-8cb5-9afd2d8fe5a6,Z_9
7893d67f-be1f-4717-8dbf-786f9d1ea093,Z_9
8e87a348-2f96-4972-b15b-c402f3bbf7f4,V_7
e289d76a-d896-4794-b022-66e38b618ce9,V_7
d2cdf1ac-88d6-4ab1-8042-f3cf0cc9e1c4,V_7
e11c7f9f-d900-49b3-b18f-6334b681e8e4,Z_9
7ee429d8-297a-4453-8808-e0a50f1c62dc,Z_10
3114f878-37d0-4fec-bb85-fe38384732a3,Z_10
a2da849e-e19d-4b28-9ae0-94cb1c648165,U_8
4fda1461-43ab-4d22-87ea-c2e4f0b044c1,Z_9
3e8cd603-522a-4f51-8f05-baa97fba5bcb,Z_10
e167fedf-bd98-4378-923e-6d7883a38b10,W_8
613e0078-5fca-4a8f-b103-5ae0c37f8ce4,Z_10
3dfc450e-9367-44fc-902e-3f3397c08491,Z_10
21a51a41-3a19-42b0-989b-660c0647a195,U_8
2275f5f7-a26d-4ab2-bde0-f8b1d8f62f7a,Z_9
1dc7878c-69a4-42a3-bc46-b43609794cc1,Z_9
30f8dd1e-fe31-4fb4-91bf-21fb848435b7,Z_10
34a4ea16-a257-4a71-90aa-4580429d94fa,Z_10
ded37c76-8982-4e14-a1e7-60ac551d39b1,Z_10
f81de695-996c-4b90-8200-27b5010a1460,W_8
9fd42562-083c-4eb2-bae2-0112971fcad3,X_8
4669e2f2-7927-44ac-a00d-2f46a086d1fb,Z_10
eb597682-1d10-4d84-981a-61b37a7890ce,Z_10
8ec4e75f-5373-4290-adcd-8aa10a276222,Z_10
9d8c3a8b-9e30-4da4-995e-8b2a378c4df1,W_8
dcb84a49-08e1-424a-8778-87fc2878bc26,V_8
8344f6a4-e94a-4184-8548-c8253ad9916e,Z_10
e7f3068c-a539-4f43-bd75-af770ae38465,Z_10
2bff6391-313a-4337-b8cb-892466a137ab,S_8
3e7fd535-c4e2-4281-ab65-b6cabc03d1e2,S_8
1f7b8d6a-2019-4d73-93c9-f012b26cc33e,W_8
d2c76817-56bf-460e-bc7e-287066a56255,S_8
1ce6a6fc-a223-4558-949c-e57aea8db877,Z_9
5faf271e-fea8-493e-9d75-41dad7b13076,U_8
165b6cde-e4c3-4bef-b00a-59bce60f6ee0,V_7
ebe58057-bd21-42e4-92dd-703caec3db9f,X_8
a925ebde-8930-47f3-86ef-062ff0543e56,W_8
ba8575e3-c785-45fe-92c6-bd4003b09cc0,V_8
8aa5e971-c87e-4849-8c0e-82b56598821d,V_8
b0a54620-2983-4172-827c-5ae8e7e2afe1,Z_10
539edb3e-3f64-4053-bde5-ec8ce173135a,X_8
08ce396f-9586-471d-9eed-689839274f50,Z_10
83c6f135-eabc-4e8f-a3a3-b27a49cdeda9,Z_10
c239d36f-6bae-43c9-8706-03f7bfe85395,Z_10
661d658d-4e1a-4753-a924-2b4181ebf066,Z_10
a0869c3d-fd4a-461a-8af3-7f74e1f38ed8,Z_10
d14eac35-4bb0-434d-86b2-f3f8307fccae,S_7
dbf3491f-f74d-42f3-a0ba-fbe5306ed144,S_7
5687f715-3077-4d55-af07-5d099c4a9a2f,S_7
064515fa-bea7-4c77-8946-54fe0e402b6b,X_7
cd58177e-34f1-4a59-b911-3b3de6adf5d6,T_7
88614b32-b76a-4b11-83aa-28f13e1617df,S_7
6c94352b-b73d-4c42-9ca9-165f514a71bd,X_7
b9ab2aa9-7db3-4312-a632-98418cc5bf07,S_7
abc02b28-3bda-4f9f-a2bc-2d0d263b9b75,U_7
f54da220-47ea-4243-98d3-95f8b8f0714f,T_7
aad31680-2ff3-47bb-8c24-1ce1eb18d75e,S_7
f1a471c9-fe28-4ef0-875a-19228ce0b31e,S_7
17a2ce3c-2235-4391-b45b-43e55ce3e285,S_7
3976421d-5f69-4cce-8bb6-cb9edaed1495,S_7
b853afe4-1f1a-42d2-95fb-7d3805c0ba89,S_7
c6655d31-742f-438d-b082-1064e37fcf61,T_7
f7cebd14-b504-4d14-82c9-66345e9a5169,S_7
9e11fb4a-9517-4617-84e0-ba3190d68fba,T_7
d01fe353-42a8-4679-8312-b4826d18d4fd,T_7
562aa4ce-a387-4258-bef6-be9b44ccde6f,U_7
edc24783-5993-4eb0-aab5-5c83c7bb6173,S_7
174082c2-476a-4fa6-a87f-273b081607d0,S_7
5750c5fe-05b8-41d5-8fe8-ec64a65644d9,S_7
a1f7d2e9-6147-4382-a835-8f71949e977d,U_7
8f57a6f8-6f94-418f-96a9-2308a77b8684,S_7
54e99c4d-a29d-4568-99f9-926ebe2707ae,S_7
0589d469-5736-447c-aba0-9a8ff0f009b9,U_7
9118e6ad-1f37-46d1-a1d4-edbce598924a,X_7
a7d6bacb-ba26-4cce-9a9b-04bb28ec1e09,S_7
076658be-0fb3-4b88-ba03-4f402ff75093,T_7
30e699b6-021b-4543-ad35-85f300ec6df0,U_7
499e3106-2fd3-4242-92fd-81288964bf1d,S_7
faaa7a21-5f7d-45a2-8c13-2ec8cce9dc04,U_7
6aa07b8d-3f59-4a8f-a842-6dfdc4c14b59,T_7
4fd746c2-6085-4968-a9e7-ec211d00ced2,T_7
94c7e6ad-9c1c-46a6-ac59-5098604b55b2,S_7
7f9c3c2c-2dc2-469e-af40-bbfc9be9d8b3,X_7
d4e1e731-5443-4823-9ff1-e23112d94d4f,X_7
195fd9ff-758f-46f0-8edb-b8cf762de446,U_7
f90f26ed-58e8-4a3b-92ea-e3b67b5530ab,S_7
595a7ff9-f0fe-485f-a969-2a2c83416970,X_7
fd50a97b-831c-497c-8e1d-3283c7024f52,T_7
9306a8ac-bf97-49ce-89ce-4a0db11bcaec,S_7
2a7bf783-06c8-4409-b94d-1dbcaf56652f,S_7
dbe86085-a308-4c9c-9717-5af7d97f9228,T_7
5c33908d-ca96-43b0-b5db-93ba5d2b8d78,T_7
ad8402c2-8d98-407c-a15f-3fc864059397,X_7
70205989-cd73-4e1c-a846-c3007e3d8d2a,X_7
0f12450c-72c7-4056-8e73-ab687980c0c8,X_7
565bddf3-2011-4e00-b976-065644d9923b,S_7
d618730c-2936-48a3-b311-bab790ec9305,T_7
a85c87de-b709-45ee-8eb7-54d0685223dd,T_7
524d9cff-94fc-4f02-973e-f45ad4876998,X_7
09f66f0c-b5e9-4dd3-9796-1bb43d5345ef,S_7
de35b0a2-3106-4142-bd42-e37b1b886ba5,T_7
16979ac8-69dd-4b84-a0be-4e745183d480,X_7
f5e055f1-490f-4e26-bacd-fa0ea17b78a9,S_7
d3ecf633-617d-4d3b-abee-9be43b2743a7,T_7
29444d86-6cb0-4394-b819-3a3f215540a9,U_7
41c1f901-2cab-4ee6-9c99-232686f3a818,S_7
aecdf452-515b-46d7-9962-967598fe6e04,S_7
0f966632-4435-4f66-b3b6-665cfb666cad,S_7
96b4261e-d978-4e40-90df-81777b731c79,S_7
0cc9b827-82cb-43f5-acee-9f586a061d49,S_7
5dc80264-9cbe-40aa-9efa-ea9ec6b9b6cc,U_7
ca844f68-751d-4069-9454-84c6f049e610,S_7
9fa4e423-8433-405d-a21b-cc53a8affa34,S_7
4ee6aca6-d0cb-4c94-bb24-28920e6cc5af,U_7
99f5ae5b-e9c2-405f-af21-519248962631,T_7
dfc099f9-270f-49f7-928a-ceba3f88ccbd,T_7
def9b03d-3335-4e9e-9235-81a3e2ce8783,X_7
d1d06187-5a7a-4d16-9e7e-4cc68d304447,U_7
3f880396-c701-488f-ba73-638cf64785fa,U_7
a5ec4eb6-8188-4131-8a10-dfe82571c467,U_7
1f8035e3-0237-4a2e-9844-32ebf9f1127e,U_7
bf215cc4-bea6-435c-9494-d1d418ce6bd2,T_8
ecd95548-c951-4519-b683-b505665ba524,S_7
e78a7954-33a0-4451-a21e-f17ce36498ef,X_7
c6cff13b-aa84-4b57-8d8b-0b67faa8d1b0,T_7
74a53cc9-e684-4019-a3c8-63bd97f40b4b,S_7
aa065692-22f7-4ac6-9807-10a9a934baf9,U_7
b720f003-7f6d-464c-b598-d11cfb350373,X_7
ca738f19-473a-4102-b4f3-06e533e4ce57,V_8
189305bb-5a24-4c3c-a4fe-6c60cda7f56d,S_7
517b74d1-fa2b-411f-9f29-357f6dc25643,T_7
811d33cf-d825-4421-9f6a-549c3d6356f1,Z_9
53530dbb-ae8e-4923-8d86-15f9ebeffd46,W_8
